Date,Content,Content link,Influencer,Type,Tags,Estimated cost,CPM,Subscribers,Region,Promotion type,Engagement rate,Views,Likes,Comments,Brand,Like rate,Comment rate,Calculated ER,Views per 1K subscribers,Cost per 1K views,Views per dollar,Creator tier,Month,Content theme
2025-07-04,racing at home - stroke and stride,https://www.youtube.com/watch?v=E3SyZoP4M1I,Gwen Jorgensen,"Health,Food,Technology","olympic trials,gwen jorgensen,marathon training,gwen jorgensen nutrition,global triathlon network",155,27.0,55000,美国,Suspected,0.0784,4564,208,15,Major Fitness,0.04557405784399649,0.003286590709903593,0.048860648553900085,82.98181818181818,33.96143733567047,29.44516129032258,Mid,2025-07,Strength / Training
2025-07-04,Home Gym Con 2025 - The Best Vendors and Equipment Previews You HAVE to See!,https://www.youtube.com/watch?v=Noo_CBJnq24,Luke’s Garage Gym,"Workout,Home,Travel,Health","fitness,budget,gym,gymequipment,titan",99,27.0,5500,美国,Suspected,0.2609,1878,80,41,Major Fitness,0.042598509052183174,0.021831735889243878,0.06443024494142705,341.45454545454544,52.715654952076676,18.96969696969697,Nano,2025-07,Home Gym / Garage Gym
2025-07-01,Building a Home Gym from the Ground Up | Builds by Maz,https://www.youtube.com/watch?v=DR7BsvYbILI,Builds by Maz,"DIY,Hobby,Home","diy,hobby,life style,home,builds by maz",210,27.0,21400,美国,Mentioned,0.0609,3219,96,10,Major Fitness,0.02982292637465051,0.0031065548306927616,0.032929481205343274,150.42056074766356,65.23765144454799,15.32857142857143,Micro,2025-07,Home Gym / Garage Gym
2025-06-27,"Why HEAVY Kettlebell Swings Are the Secret Weapon for Power, Resilience, & Speed (UNDERRATED!)",https://www.youtube.com/watch?v=zVNuU1SkqDE,Enkiri Elite Fitness,"Fitness,Health,Sports,Entertainment","fitness,bodybuilding,health,workout,enkirielitefitness",497,27.0,67600,美国,Suspected,0.1201,18922,983,129,Major Fitness,0.0519501109819258,0.00681746115632597,0.05876757213825177,279.91124260355025,26.265722439488428,38.072434607645874,Mid,2025-06,Strength / Training
2025-06-26,Major Fitness Weight Plates: Which Makes the Most Sense for Your Home Gym?,https://www.youtube.com/shorts/zhQB2diqw_c,Luke’s Garage Gym,"Workout,Home,Travel,Health","fitness,budget,gym,gymequipment,titan",99,27.0,5500,美国,Sponsored,0.0368,1168,23,2,Major Fitness,0.019691780821917807,0.0017123287671232876,0.021404109589041095,212.36363636363637,84.76027397260275,11.797979797979798,Nano,2025-06,Home Gym / Garage Gym
2025-06-25,Spirit B52 Pro Home Gym System,https://www.youtube.com/shorts/gHlxgb63oNg,Gritty Soldier,"Military,Workout,Health,Sports","military,fitness,workout,usarmy,soldiers",366,27.0,176000,美国,Suspected,0.0522,7565,345,5,Major Fitness,0.04560475875743556,0.0006609385327164573,0.046265697290152015,42.98295454545455,48.380700594844676,20.669398907103826,Macro,2025-06,Home Gym / Garage Gym
2025-06-24,Home Gym Equipment with a LIFETIME Warranty??,https://www.youtube.com/shorts/-N5SLzhA-XE,Luke’s Garage Gym,"Workout,Home,Travel,Health","fitness,budget,gym,gymequipment,titan",99,27.0,5500,美国,Suspected,0.0391,1458,17,4,Major Fitness,0.011659807956104253,0.0027434842249657062,0.01440329218106996,265.0909090909091,67.90123456790123,14.727272727272727,Nano,2025-06,Home Gym / Garage Gym
2025-06-23,"You Bench More, But I’m Stronger 🙄",https://www.youtube.com/shorts/Ax7ucFPj3EI,REVIVAL Fitness,"Health,Fitness","revivalfitness,religion,building,health,gym",1967,27.0,65400,美国,Suspected,0.069,75964,2099,314,Major Fitness,0.027631509662471698,0.0041335369385498396,0.031765046601021536,1161.5290519877676,25.89384445263546,38.619217081850536,Mid,2025-06,Strength / Training
2025-06-21,You Will NEVER Get Lean Eating Like This (Dr Mike Grocery Haul Reaction),https://www.youtube.com/watch?v=uNyznfoaxpc,REVIVAL Fitness,"Health,Fitness","revivalfitness,religion,building,health,gym",1967,27.0,65400,美国,Suspected,0.2833,15191,633,367,Major Fitness,0.041669409518794026,0.024159041537752616,0.06582845105654664,232.27828746177371,129.48456322822724,7.722928317234367,Mid,2025-06,Strength / Training
2025-06-17,How Strong SHOULD You Be For Size? (Beyond the Power Lifts),https://www.youtube.com/watch?v=_O2lMVgm-qY,REVIVAL Fitness,"Health,Fitness","revivalfitness,religion,building,health,gym",1967,27.0,65400,美国,Suspected,0.1764,27741,833,406,Major Fitness,0.030027756749936917,0.014635377239465052,0.04466313398940197,424.17431192660547,70.90587938430481,14.103202846975089,Mid,2025-06,Strength / Training
2025-06-15,MAJOR FITNESS | Strong Father Builds Strong Family | B52 Pro All-In-One Home Gym Smith Machine,https://www.youtube.com/watch?v=7ix8VDRC_ng,MAJOR FITNESS,"Workout,Home,Health,Challenge","homegym,garagegym,fitness,workout,majorfitness",96,27.0,26000,美国,Suspected,0.0002,134638,12,2,Major Fitness,8.912788365840253e-05,1.4854647276400422e-05,0.00010398253093480295,5178.384615384615,0.7130230692672203,1402.4791666666667,Micro,2025-06,Home Gym / Garage Gym
2025-06-14,3 TRUTHS About Front Squats That Most Lifters Get Wrong (#2 is KEY!),https://www.youtube.com/watch?v=C9suNrO9mTI,Enkiri Elite Fitness,"Fitness,Health,Sports,Entertainment","fitness,bodybuilding,health,workout,enkirielitefitness",497,27.0,67600,美国,Suspected,0.0478,15654,219,53,Major Fitness,0.01399003449597547,0.003385716110898173,0.017375750606873644,231.5680473372781,31.749073719177208,31.49698189134809,Mid,2025-06,Strength / Training
2025-06-14,She Teaches Us How to Meet Women at the Gym (BS or Not?),https://www.youtube.com/watch?v=egwgjoWvKhY,REVIVAL Fitness,"Health,Fitness","revivalfitness,religion,building,health,gym",1967,27.0,65400,美国,Suspected,0.2141,13575,426,248,Major Fitness,0.03138121546961326,0.018268876611418048,0.049650092081031307,207.56880733944953,144.8987108655617,6.901372648703609,Mid,2025-06,Strength / Training
2025-06-12,🔥 Fire Core Workout 🔥,https://www.youtube.com/shorts/mUj8gg8ik2o,Gritty Soldier,"Military,Workout,Health,Sports","military,fitness,workout,usarmy,soldiers",366,27.0,176000,美国,Suspected,0.069,8504,487,10,Major Fitness,0.05726716839134525,0.0011759172154280338,0.05844308560677328,48.31818181818181,43.038570084666034,23.23497267759563,Macro,2025-06,Strength / Training
2025-06-11,My Training Philosophy in Action: A Recovery Day Between WTCS Races,https://www.youtube.com/watch?v=xaWPbIRVWrc,Gwen Jorgensen,"Health,Food,Technology","olympic trials,gwen jorgensen,marathon training,gwen jorgensen nutrition,global triathlon network",155,27.0,55000,美国,Suspected,0.0619,1389,76,1,Major Fitness,0.054715622750179986,0.0007199424046076314,0.05543556515478762,25.254545454545454,111.59107271418287,8.961290322580645,Mid,2025-06,Strength / Training
2025-06-11,Reduce MOON FACE While Bulking 🌝,https://www.youtube.com/shorts/3SeJetWPx-0,REVIVAL Fitness,"Health,Fitness","revivalfitness,religion,building,health,gym",1967,27.0,65400,美国,Suspected,0.0626,15761,537,45,Major Fitness,0.03407144216737517,0.0028551487849755725,0.03692659095235074,240.9938837920489,124.80172577882114,8.012709710218607,Mid,2025-06,Strength / Training
2025-06-09,The ULTIMATE Adjustable Bench!? RitFit BWB02 Review! (Most Versatile Bench I’ve Ever Used),https://www.youtube.com/watch?v=iIO3WKLzAwo,Enkiri Elite Fitness,"Fitness,Health,Sports,Entertainment","fitness,bodybuilding,health,workout,enkirielitefitness",497,27.0,67600,美国,Suspected,0.0159,33404,481,5,Major Fitness,0.014399473116991976,0.00014968267273380434,0.01454915578972578,494.14201183431953,14.878457669740152,67.21126760563381,Mid,2025-06,Equipment Review
2025-06-07,"Accept This NOW, Or Sacrifice Your Gains (Nathaniel Massiah Reaction)",https://www.youtube.com/watch?v=uMKUPIBgcno,REVIVAL Fitness,"Health,Fitness","revivalfitness,religion,building,health,gym",1967,27.0,65400,美国,Suspected,0.1562,30543,920,385,Major Fitness,0.03012146809416233,0.012605179582883149,0.042726647677045475,467.0183486238532,64.40100841436663,15.527707168276564,Mid,2025-06,Strength / Training
2025-06-07,Level up your AFT scores and win a Major fitness gym!,https://www.youtube.com/shorts/dNF49rlSPaE,Christopher Kellum,"Health,Fitness,Military,Fashion","health,fitness,army fitness,kellum fitness,75hard",50,27.0,86700,美国,Mentioned,0.0172,932,6,1,Major Fitness,0.006437768240343348,0.001072961373390558,0.0075107296137339056,10.74971164936563,53.6480686695279,18.64,Mid,2025-06,Strength / Training
2025-06-05,How BAD Were These OG Bodybuilders' Physiques? (Let's Get Real),https://www.youtube.com/watch?v=JC74SPAb3V4,REVIVAL Fitness,"Health,Fitness","revivalfitness,religion,building,health,gym",1967,27.0,65400,美国,Suspected,0.2202,17509,706,315,Major Fitness,0.0403221200525444,0.01799074761551202,0.05831286766805643,267.7217125382263,112.34222399908619,8.90137264870361,Mid,2025-06,Strength / Training
2025-06-05,Done After Two Laps: WTCS Alghero!,https://www.youtube.com/watch?v=G4aI5WuCHlo,Gwen Jorgensen,"Health,Food,Technology","olympic trials,gwen jorgensen,marathon training,gwen jorgensen nutrition,global triathlon network",155,27.0,55000,美国,Suspected,0.1146,3884,185,26,Major Fitness,0.047631307929969106,0.006694129763130793,0.054325437693099894,70.61818181818181,39.90731204943358,25.058064516129033,Mid,2025-06,Strength / Training
2025-06-05,Epic Leg Day Machine for Dads! | Major Fitness Hack Squat + Leg Press Review (Garage Gym Setup),https://www.youtube.com/watch?v=ueo70Qq6i6c,Ben Barker Fitness,"Workout,Health","fitness,gym,workout,health,lifestyle",82,27.0,12100,美国,Sponsored,0.0381,105,4,0,Major Fitness,0.0380952380952381,0.0,0.0380952380952381,8.677685950413222,780.952380952381,1.2804878048780488,Micro,2025-06,Home Gym / Garage Gym
2025-05-31,3 Years Lifting ⁉️,https://www.youtube.com/shorts/xztG212oJn8,REVIVAL Fitness,"Health,Fitness","revivalfitness,religion,building,health,gym",1967,27.0,65400,美国,Suspected,0.0919,75352,1768,516,Major Fitness,0.02346321265527126,0.0068478607070814315,0.03031107336235269,1152.1712538226298,26.10415118377747,38.308083375699034,Mid,2025-05,Strength / Training
2025-05-30,Mike Israetel CALLED OUT on Pseudo Science By Bart Kay,https://www.youtube.com/watch?v=zWGoplwX1_M,REVIVAL Fitness,"Health,Fitness","revivalfitness,religion,building,health,gym",1967,27.0,65400,美国,Suspected,0.3992,14110,473,516,Major Fitness,0.0335223245924876,0.03656980864635011,0.0700921332388377,215.74923547400613,139.40467753366406,7.1733604473818,Mid,2025-05,Strength / Training
2025-05-28,Do a Leg Day Using One of My Favorite Power Racks! Major Fitness B52 Pro Workout,https://www.youtube.com/shorts/uc4oV-274aw,Luke’s Garage Gym,"Workout,Home,Travel,Health","fitness,budget,gym,gymequipment,titan",99,27.0,5500,美国,Sponsored,0.0502,2033,32,7,Major Fitness,0.01574028529267093,0.003443187407771766,0.019183472700442697,369.6363636363636,48.69650762420069,20.535353535353536,Nano,2025-05,Equipment Review
2025-05-27,What Are the TOP 10 Home Gym Multi Stations for MAXIMUM Results in 2025,https://www.youtube.com/watch?v=OwlSW5-VAjY,Top Rated,"Vehicle,Consumer Electronic,Hobby,Gaming","vehicle,consumer electronic,bicycle,hobby,gaming",49,27.0,2640,美国,Mentioned,0.0067,297,2,0,Major Fitness,0.006734006734006734,0.0,0.006734006734006734,112.5,164.98316498316498,6.061224489795919,Nano,2025-05,Home Gym / Garage Gym
2025-05-27,Greg Doucette NEVER Changed - Hussein Farhat & Anabolic Stick Reaction,https://www.youtube.com/watch?v=ZXrorPhXYYs,REVIVAL Fitness,"Health,Fitness","revivalfitness,religion,building,health,gym",1967,27.0,65400,美国,Suspected,0.2491,51585,1991,1086,Major Fitness,0.03859649122807018,0.021052631578947368,0.05964912280701754,788.7614678899083,38.131239701463606,26.225216065073717,Mid,2025-05,Strength / Training
2025-05-27,HomeGymCon 2025: First Look at 2025's Hottest Home Gym Equipment (Budget & Beyond!),https://www.youtube.com/watch?v=94mGa_jONBM,Usawa Fitness Garage Gym Reviews,"Fitness,Health","fitness,health,gym,home gym,home workout",58,27.0,10000,美国,Mentioned,0.2272,1008,39,19,Major Fitness,0.03869047619047619,0.018849206349206348,0.057539682539682536,100.8,57.53968253968254,17.379310344827587,Nano,2025-05,Home Gym / Garage Gym
2025-05-24,MAJOR FITNESS TIP ✅🔊,https://www.youtube.com/shorts/VaRYL1_es6A,Foosh_Fit,"Fitness,Health","fitness,health,shorts,fitnessmotivation,workout",120,27.0,11900,美国,Mentioned,0.0079,882,7,0,Major Fitness,0.007936507936507936,0.0,0.007936507936507936,74.11764705882352,136.0544217687075,7.35,Micro,2025-05,Strength / Training
2025-05-24,Getting HUMBLED in My Own Home Gym,https://www.youtube.com/shorts/u4e8eKHukp0,Luke’s Garage Gym,"Workout,Home,Travel,Health","fitness,budget,gym,gymequipment,titan",99,27.0,5500,美国,Suspected,0.0127,4409,36,2,Major Fitness,0.008165116806532093,0.0004536176003628941,0.008618734406894988,801.6363636363636,22.454071217963257,44.535353535353536,Nano,2025-05,Home Gym / Garage Gym
2025-05-24,How to Build Savage Power in One Brutal Lift (Become a FREAK ATHLETE!),https://www.youtube.com/watch?v=aofT-S--yDY,Enkiri Elite Fitness,"Fitness,Health,Sports,Entertainment","fitness,bodybuilding,health,workout,enkirielitefitness",497,27.0,67600,美国,Suspected,0.2127,4222,248,65,Major Fitness,0.05873993368072004,0.015395547134059688,0.07413548081477972,62.455621301775146,117.71672193273331,8.49496981891348,Mid,2025-05,Strength / Training
2025-05-23,My honest thoughts on 4th - WTCS Yokohama,https://www.youtube.com/watch?v=A1W2Rvyn0lc,Gwen Jorgensen,"Health,Food,Technology","olympic trials,gwen jorgensen,marathon training,gwen jorgensen nutrition,global triathlon network",155,27.0,55000,美国,Suspected,0.0779,6844,323,21,Major Fitness,0.04719462302746932,0.0030683810637054353,0.05026300409117475,124.43636363636364,22.647574517825834,44.15483870967742,Mid,2025-05,Strength / Training
2025-05-22,Win a Major Fitness Gym just by getting in shape! #majorfitness,https://www.youtube.com/shorts/1IrqwoAioTs,Christopher Kellum,"Health,Fitness,Military,Fashion","health,fitness,army fitness,kellum fitness,75hard",50,27.0,86700,美国,Mentioned,0.039,821,12,2,Major Fitness,0.014616321559074299,0.00243605359317905,0.01705237515225335,9.469434832756631,60.90133982947625,16.42,Mid,2025-05,Strength / Training
2025-05-20,The ENDLESS Errors in Jeff Nippard's 1 Year Experiment,https://www.youtube.com/watch?v=izXpefXtsXQ,REVIVAL Fitness,"Health,Fitness","revivalfitness,religion,building,health,gym",1967,27.0,65400,美国,Suspected,0.235,27286,981,543,Major Fitness,0.03595250311515063,0.01990031517994576,0.05585281829509638,417.217125382263,72.08825038481272,13.871886120996441,Mid,2025-05,Strength / Training
2025-05-18,HOW Did He Get Injured Like This? 💀,https://www.youtube.com/shorts/FGwCSpDB9fs,REVIVAL Fitness,"Health,Fitness","revivalfitness,religion,building,health,gym",1967,27.0,65400,美国,Suspected,0.0548,84449,1574,305,Major Fitness,0.018638468187900388,0.003611647266397471,0.02225011545429786,1291.269113149847,23.292164501651882,42.93289273004576,Mid,2025-05,Strength / Training
2025-05-18,DAY 5 | the transformation is starting!!! | starting to get easier | pro soccer player workouts,https://www.youtube.com/watch?v=CrF-SQi21t8,Natalie Yoo,Sports,"sports,football,soccer,life,texas",71,27.0,7710,美国,Suspected,0.1355,332,15,3,Major Fitness,0.045180722891566265,0.009036144578313253,0.05421686746987952,43.0609597924773,213.85542168674698,4.676056338028169,Nano,2025-05,Strength / Training
2025-05-17,Why Most Lifters NEVER Escape Intermediate Purgatory,https://www.youtube.com/watch?v=1nMOq6yylaI,REVIVAL Fitness,"Health,Fitness","revivalfitness,religion,building,health,gym",1967,27.0,65400,美国,Suspected,0.2055,25937,1030,430,Major Fitness,0.03971160889848479,0.01657863284111501,0.0562902417395998,396.5902140672783,75.83760650807726,13.186070157600406,Mid,2025-05,Strength / Training
2025-05-16,Major Fitness Drone 3 Review & Demo | Budget Functional Trainer with 2:1 & 1:1 Pulleys,https://www.youtube.com/watch?v=ngfW_ARYRXc,Challenge Theory,"Health,Fitness,Sports","diet,transformation,fasting,health,lose weight",138,27.0,13100,美国,Suspected,0.1972,1648,35,29,Major Fitness,0.021237864077669904,0.017597087378640776,0.038834951456310676,125.80152671755727,83.73786407766991,11.942028985507246,Micro,2025-05,Equipment Review
2025-05-15,MAJOR FITNESS | Where Iron Shapes Will | B52 Pro All-In-One Home Gym Smith Machine,https://www.youtube.com/watch?v=ejKh-l2EvuM,MAJOR FITNESS,"Workout,Home,Health,Challenge","homegym,garagegym,fitness,workout,majorfitness",96,27.0,26000,美国,Suspected,0.006,18035,29,8,Major Fitness,0.0016079844746326587,0.0004435819240365955,0.002051566398669254,693.6538461538462,5.3229830884391465,187.86458333333334,Micro,2025-05,Home Gym / Garage Gym
2025-05-15,6 Months NATTY? 🤨,https://www.youtube.com/shorts/dtedrP5jH-8,REVIVAL Fitness,"Health,Fitness","revivalfitness,religion,building,health,gym",1967,27.0,65400,美国,Suspected,0.0528,57308,1814,121,Major Fitness,0.03165352132337545,0.0021113980596077337,0.03376491938298318,876.2691131498472,34.32330564668109,29.134722928317235,Mid,2025-05,Strength / Training
2025-05-13,New From Major Fitness! My Son's First Power Rack!,https://www.youtube.com/watch?v=R-xWiAGM4Fo,Garage Gym Life,"Workout,Health,Home,Sports","fitness,bodybuilding,garagegymlifemedia,garagegym,garagegymlife",113,27.0,58800,美国,Mentioned,0.0694,5247,134,23,Major Fitness,0.025538402896893464,0.004383457213645893,0.029921860110539357,89.23469387755102,21.536115875738517,46.43362831858407,Mid,2025-05,Home Gym / Garage Gym
2025-05-13,Are Women LYING About This? (Olly Murs Body Transformation),https://www.youtube.com/watch?v=ToEL2HaXZsk,REVIVAL Fitness,"Health,Fitness","revivalfitness,religion,building,health,gym",1967,27.0,65400,美国,Suspected,0.467,14493,478,629,Major Fitness,0.03298143931553164,0.043400262195542674,0.07638170151107432,221.60550458715596,135.72069274822329,7.368073207930859,Mid,2025-05,Strength / Training
2025-05-11,DAY 3 & 4 | the run destroyed him… & me too lol | making a routine | pro soccer player workouts,https://www.youtube.com/watch?v=5zNEkcElBCg,Natalie Yoo,Sports,"sports,football,soccer,life,texas",71,27.0,7710,美国,Suspected,0.1333,330,14,3,Major Fitness,0.04242424242424243,0.00909090909090909,0.051515151515151514,42.80155642023346,215.15151515151516,4.647887323943662,Nano,2025-05,Strength / Training
2025-05-11,Shoutout to Major Fitness for our garage set up 👊🏻 #womensbodybuilding #ifbbpro #bodybuilding,https://www.youtube.com/shorts/tdFEkL5xSgo,IFBBPRO AMANDA MACHADO,"Fitness,Health","bodybuilding,womensphysique,fitness,health,physique",311,27.0,8720,美国,Mentioned,0.0452,5310,0,24,Major Fitness,0.0,0.004519774011299435,0.004519774011299435,608.9449541284404,58.56873822975518,17.073954983922828,Nano,2025-05,Strength / Training
2025-05-11,Bodybuilding USED To Look Like This,https://www.youtube.com/shorts/qDc1dNtNyss,REVIVAL Fitness,"Health,Fitness","revivalfitness,religion,building,health,gym",1967,27.0,65400,美国,Suspected,0.0562,3116381,103660,7153,Major Fitness,0.03326294185467053,0.0022952905950844905,0.03555823244975502,47651.08562691132,0.6311808472712418,1584.33197763091,Mid,2025-05,Strength / Training
2025-05-11,How I Built A DIY Tiny Home Gym From start To Finish,https://www.youtube.com/watch?v=UYoj6z-EkHw,Builders Blueprint,"Vehicle,Life Style,Home,DIY","vehicle,campervan,life style,vanlife,tinyhomebuild",3368,27.0,352000,美国,Suspected,0.1259,2272,106,18,Major Fitness,0.04665492957746479,0.007922535211267605,0.05457746478873239,6.454545454545454,1482.394366197183,0.6745843230403801,Macro,2025-05,Home Gym / Garage Gym
2025-05-10,Army Fitness Test Hand Release Pushup UPDATE #armyfitnesstest,https://www.youtube.com/shorts/Y4WzlIRqlMk,Christopher Kellum,"Health,Fitness,Military,Fashion","health,fitness,army fitness,kellum fitness,75hard",50,27.0,86700,美国,Suspected,0.1337,1773,77,16,Major Fitness,0.04342921601804851,0.009024252679075015,0.05245346869712352,20.44982698961938,28.20078962210942,35.46,Mid,2025-05,Equipment Review
2025-05-09,DAY 2 | GymBro vs. Pro Soccer Player | full body soccer workout | nutrition changes,https://www.youtube.com/watch?v=2SBU6p3xeM0,Natalie Yoo,Sports,"sports,football,soccer,life,texas",71,27.0,7710,美国,Suspected,0.1416,332,17,3,Major Fitness,0.05120481927710843,0.009036144578313253,0.060240963855421686,43.0609597924773,213.85542168674698,4.676056338028169,Nano,2025-05,Strength / Training
2025-05-09,It Just Gets Worse 🤦🏻‍♂️,https://www.youtube.com/shorts/jNo2TkA4-sA,REVIVAL Fitness,"Health,Fitness","revivalfitness,religion,building,health,gym",1967,27.0,65400,美国,Suspected,0.0442,245717,4254,661,Major Fitness,0.017312599453843242,0.0026900865629972694,0.02000268601684051,3757.1406727828744,8.005144129221827,124.9196746314184,Mid,2025-05,Strength / Training
2025-05-08,Major Fitness F22 Pro Power Rack REVIEW (The Best Budget Rack Upgrade of 2025!?),https://www.youtube.com/watch?v=pX5Kq_MKZRs,Enkiri Elite Fitness,"Fitness,Health,Sports,Entertainment","fitness,bodybuilding,health,workout,enkirielitefitness",497,27.0,67600,美国,Sponsored,0.0142,18399,82,18,Major Fitness,0.004456763954562748,0.0009783140388064568,0.0054350779933692046,272.17455621301775,27.01233762704495,37.02012072434608,Mid,2025-05,Equipment Review
2025-05-07,I’m Officially Retired from the Military... Here’s What’s Next,https://www.youtube.com/shorts/mtmWTdc-A6o,Christopher Kellum,"Health,Fitness,Military,Fashion","health,fitness,army fitness,kellum fitness,75hard",50,27.0,86700,美国,Suspected,0.2085,1650,104,24,Major Fitness,0.06303030303030303,0.014545454545454545,0.07757575757575758,19.031141868512112,30.303030303030305,33.0,Mid,2025-05,Strength / Training
2025-05-07,NEW Army Fitness Test standards just dropped and they’re no joke ...  #armyfitnesstest,https://www.youtube.com/shorts/x2uqDfcuAOk,Christopher Kellum,"Health,Fitness,Military,Fashion","health,fitness,army fitness,kellum fitness,75hard",50,27.0,86700,美国,Suspected,0.078,2102,34,13,Major Fitness,0.016175071360608945,0.006184586108468126,0.02235965746907707,24.244521337946942,23.786869647954326,42.04,Mid,2025-05,Equipment Review
2025-05-06,Major fitness pet peeve #enoughisenough,https://www.youtube.com/shorts/1m4zloOJaow,Coach Bronson,"Health,Fitness","health,fitness,keto,over40,groupfitness",96,27.0,11400,美国,Mentioned,0.1068,103,11,0,Major Fitness,0.10679611650485436,0.0,0.10679611650485436,9.035087719298245,932.0388349514564,1.0729166666666667,Micro,2025-05,Strength / Training
2025-05-05,I Trained My Little Brother Like a Pro Athlete for 30 Days | Weight Loss Journey | DAY 1,https://www.youtube.com/watch?v=wh8wS4MCDS4,Natalie Yoo,Sports,"sports,football,soccer,life,texas",71,27.0,7710,美国,Suspected,0.0596,1091,35,3,Major Fitness,0.032080659945004586,0.002749770852428964,0.034830430797433545,141.50453955901426,65.07791017415215,15.366197183098592,Nano,2025-05,Sports / Athlete
2025-05-02,Still Hitting PRs on Low Sleep 💪🏼💥,https://www.youtube.com/shorts/ginV9D4gW0M,REVIVAL Fitness,"Health,Fitness","revivalfitness,religion,building,health,gym",1967,27.0,65400,美国,Suspected,0.0626,13083,259,56,Major Fitness,0.019796682718031033,0.004280363830925628,0.024077046548956663,200.045871559633,150.3477795612627,6.6512455516014235,Mid,2025-05,Strength / Training
2025-05-02,THIS is a Dad Bod ⁉️,https://www.youtube.com/shorts/PN6PfUDeJyo,REVIVAL Fitness,"Health,Fitness","revivalfitness,religion,building,health,gym",1967,27.0,65400,美国,Suspected,0.0516,987298,26064,2489,Major Fitness,0.0263993242161941,0.002521022021719886,0.028920346237913983,15096.299694189602,1.9923062742961093,501.93085917641076,Mid,2025-05,Strength / Training
2025-04-30,This Hero WOD Will Break Even Elite Athletes,https://www.youtube.com/shorts/0p_rIGVJ5IA,Christopher Kellum,"Health,Fitness,Military,Fashion","health,fitness,army fitness,kellum fitness,75hard",50,27.0,86700,美国,Suspected,0.0305,885,7,2,Major Fitness,0.007909604519774011,0.0022598870056497176,0.010169491525423728,10.207612456747405,56.497175141242934,17.7,Mid,2025-04,Strength / Training
2025-04-28,US Military's Shocking Obesity Emergency CRISIS,https://www.youtube.com/shorts/b-LQQ0OdQms,Christopher Kellum,"Health,Fitness,Military,Fashion","health,fitness,army fitness,kellum fitness,75hard",50,27.0,86700,美国,Suspected,0.0737,678,20,3,Major Fitness,0.029498525073746312,0.004424778761061947,0.03392330383480826,7.82006920415225,73.74631268436578,13.56,Mid,2025-04,Strength / Training
2025-04-28,#homegym #fitness #majorfitness,https://www.youtube.com/shorts/HvqWfK7PtMg,MAJOR FITNESS,"Workout,Home,Health,Challenge","homegym,garagegym,fitness,workout,majorfitness",96,27.0,26000,美国,Sponsored,0.0139,288,4,0,Major Fitness,0.013888888888888888,0.0,0.013888888888888888,11.076923076923077,333.3333333333333,3.0,Micro,2025-04,Home Gym / Garage Gym
2025-04-28,F35,https://www.youtube.com/watch?v=Ba5cDkY01pc,MAJOR FITNESS,"Workout,Home,Health,Challenge","homegym,garagegym,fitness,workout,majorfitness",96,27.0,26000,美国,Suspected,0.0,10,0,0,Major Fitness,0.0,0.0,0.0,0.38461538461538464,9600.0,0.10416666666666667,Micro,2025-04,Home Gym / Garage Gym
2025-04-28,F22 PRO by Major Fitness,https://www.youtube.com/watch?v=Th5aq9eH710,MAJOR FITNESS,"Workout,Home,Health,Challenge","homegym,garagegym,fitness,workout,majorfitness",96,27.0,26000,美国,Sponsored,0.1667,6,1,0,Major Fitness,0.16666666666666666,0.0,0.16666666666666666,0.23076923076923075,16000.0,0.0625,Micro,2025-04,Home Gym / Garage Gym
2025-04-28,F35 PRO by Major Fitness,https://www.youtube.com/watch?v=e0wyNU2ckPw,MAJOR FITNESS,"Workout,Home,Health,Challenge","homegym,garagegym,fitness,workout,majorfitness",96,27.0,26000,美国,Sponsored,0.5,2,1,0,Major Fitness,0.5,0.0,0.5,0.07692307692307693,48000.0,0.020833333333333332,Micro,2025-04,Home Gym / Garage Gym
2025-04-28,F35. #homegym #majorfitness #powerrack,https://www.youtube.com/watch?v=WU0Lf9tmHDs,MAJOR FITNESS,"Workout,Home,Health,Challenge","homegym,garagegym,fitness,workout,majorfitness",96,27.0,26000,美国,Sponsored,0.0,5,0,0,Major Fitness,0.0,0.0,0.0,0.19230769230769232,19200.0,0.052083333333333336,Micro,2025-04,Home Gym / Garage Gym
2025-04-27,Train at Home? Train with Major Fitness B52! For Your Stronger Tomorrow.,https://www.youtube.com/watch?v=6QvhP6wZKrE,MAJOR FITNESS,"Workout,Home,Health,Challenge","homegym,garagegym,fitness,workout,majorfitness",96,27.0,26000,美国,Sponsored,0.0435,23,1,0,Major Fitness,0.043478260869565216,0.0,0.043478260869565216,0.8846153846153846,4173.913043478261,0.23958333333333334,Micro,2025-04,Home Gym / Garage Gym
2025-04-27,"B52 Pro, Leads to a Better Training Result.",https://www.youtube.com/watch?v=8sFPoWl-tP0,MAJOR FITNESS,"Workout,Home,Health,Challenge","homegym,garagegym,fitness,workout,majorfitness",96,27.0,26000,美国,Suspected,0.0833,24,2,0,Major Fitness,0.08333333333333333,0.0,0.08333333333333333,0.923076923076923,4000.0,0.25,Micro,2025-04,Home Gym / Garage Gym
2025-04-25,They removed the ACFT… #military,https://www.youtube.com/shorts/IliAZM_HDp4,Christopher Kellum,"Health,Fitness,Military,Fashion","health,fitness,army fitness,kellum fitness,75hard",50,27.0,86700,美国,Suspected,0.0689,1088,15,6,Major Fitness,0.013786764705882353,0.0055147058823529415,0.019301470588235295,12.549019607843137,45.95588235294118,21.76,Mid,2025-04,Strength / Training
2025-04-25,Major Fitness F35 Pro Series Review: Worth the Upgrade? Wall-Mount Folding Squat Rack Comparison!,https://www.youtube.com/watch?v=2rpFOxy2CL0,Ben Barker Fitness,"Workout,Health","fitness,gym,workout,health,lifestyle",82,27.0,12100,美国,Sponsored,0.174,477,13,7,Major Fitness,0.027253668763102725,0.014675052410901468,0.041928721174004195,39.421487603305785,171.9077568134172,5.817073170731708,Micro,2025-04,Equipment Review
2025-04-25,You’re NOT Getting What You Think (The Problem With Food Labels),https://www.youtube.com/watch?v=Olomts5ywJA,REVIVAL Fitness,"Health,Fitness","revivalfitness,religion,building,health,gym",1967,27.0,65400,美国,Suspected,0.2228,8453,363,152,Major Fitness,0.042943333727670646,0.01798178161599432,0.06092511534366497,129.25076452599387,232.69845025434756,4.297407219115404,Mid,2025-04,Strength / Training
2025-04-24,Pushing Myself Harder in Training by Racing,https://www.youtube.com/watch?v=HK-Wt-6phOk,Gwen Jorgensen,"Health,Food,Technology","olympic trials,gwen jorgensen,marathon training,gwen jorgensen nutrition,global triathlon network",155,27.0,55000,美国,Suspected,0.0572,6079,218,13,Major Fitness,0.035861161375226186,0.002138509623293305,0.037999670998519496,110.52727272727273,25.49761473926633,39.21935483870968,Mid,2025-04,Strength / Training
2025-04-23,I May Have to Quit Lifting... (My Injury Explained),https://www.youtube.com/watch?v=RKF5ENkFCLE,REVIVAL Fitness,"Health,Fitness","revivalfitness,religion,building,health,gym",1967,27.0,65400,美国,Suspected,0.3129,20740,719,577,Major Fitness,0.034667309546769526,0.027820636451301832,0.06248794599807136,317.125382262997,94.84088717454195,10.543975597356381,Mid,2025-04,Strength / Training
2025-04-22,Major Fitness Drone2 Smith Machine - All in One Home Gym Cage Worth Buying Honest Reviews,https://www.youtube.com/watch?v=FV2jtniZUQg,AUTO MT,Vehicle,"automt,cars,vehicle,upcomingcars,car",19,27.0,2130,美国,Mentioned,0.0,104,0,0,Major Fitness,0.0,0.0,0.0,48.82629107981221,182.69230769230768,5.473684210526316,Nano,2025-04,Home Gym / Garage Gym
2025-04-18,6 Fitness Tips to Defeat the Dad Bod,https://www.youtube.com/watch?v=OCV01pwu70E,Ben Barker Fitness,"Workout,Health","fitness,gym,workout,health,lifestyle",82,27.0,12100,美国,Suspected,0.1574,108,7,1,Major Fitness,0.06481481481481481,0.009259259259259259,0.07407407407407407,8.925619834710744,759.2592592592594,1.3170731707317074,Micro,2025-04,Strength / Training
2025-04-17,How to Assemble the Major Fitness Functional Trainer | Full Build & Real Home Gym Test,https://www.youtube.com/watch?v=-Ki8v281rHs,Legally Swole,"Fitness,Health","fitness,health,home workout,workout,multi gym",98,27.0,14000,美国,Mentioned,0.2166,314,8,6,Major Fitness,0.025477707006369428,0.01910828025477707,0.044585987261146494,22.42857142857143,312.10191082802544,3.204081632653061,Micro,2025-04,Home Gym / Garage Gym
2025-04-16,They'll NEVER Tell You This About Steroids (Secrets Exposed),https://www.youtube.com/watch?v=NE5q-bfc7pw,REVIVAL Fitness,"Health,Fitness","revivalfitness,religion,building,health,gym",1967,27.0,65400,美国,Suspected,0.2048,27407,693,492,Major Fitness,0.0252855110008392,0.017951618199729995,0.0432371292005692,419.06727828746176,71.76998577005875,13.9334011184545,Mid,2025-04,Strength / Training
2025-04-15,How to install MAJOR FITNESS Drone™ 2 Advanced | Step-By-Step Tutorial,https://www.youtube.com/watch?v=ViDLdIyE8Qw,MAJOR FITNESS,"Workout,Home,Health,Challenge","homegym,garagegym,fitness,workout,majorfitness",96,27.0,26000,美国,Mentioned,0.0233,771,8,1,Major Fitness,0.010376134889753566,0.0012970168612191958,0.011673151750972763,29.653846153846153,124.5136186770428,8.03125,Micro,2025-04,Home Gym / Garage Gym
2025-04-15,How to install MAJOR FITNESS Drone™ 2 Premium | Step-By-Step Tutorial,https://www.youtube.com/watch?v=cfMnZyRh_Mg,MAJOR FITNESS,"Workout,Home,Health,Challenge","homegym,garagegym,fitness,workout,majorfitness",96,27.0,26000,美国,Sponsored,0.0377,345,3,1,Major Fitness,0.008695652173913044,0.002898550724637681,0.011594202898550725,13.26923076923077,278.2608695652174,3.59375,Micro,2025-04,Home Gym / Garage Gym
2025-04-15,Dominate the ACFT Standing Power throw with this 1 Exercise!,https://www.youtube.com/shorts/nHRmQ-LFKUU,Christopher Kellum,"Health,Fitness,Military,Fashion","health,fitness,army fitness,kellum fitness,75hard",50,27.0,86700,美国,Suspected,0.0313,1564,39,1,Major Fitness,0.024936061381074168,0.0006393861892583121,0.02557544757033248,18.03921568627451,31.969309462915604,31.28,Mid,2025-04,Strength / Training
2025-04-14,10 Push-Up Variations That Will Test Your Limits,https://www.youtube.com/shorts/vYcRT_T0lRs,Christopher Kellum,"Health,Fitness,Military,Fashion","health,fitness,army fitness,kellum fitness,75hard",50,27.0,86700,美国,Suspected,0.0244,4020,78,2,Major Fitness,0.019402985074626865,0.0004975124378109452,0.01990049751243781,46.36678200692042,12.437810945273633,80.4,Mid,2025-04,Equipment Review
2025-04-13,This Military Push Workout Will Transform Your Upper Body 40 MINS #acfttraining,https://www.youtube.com/shorts/UQ1XTm-dM9M,Christopher Kellum,"Health,Fitness,Military,Fashion","health,fitness,army fitness,kellum fitness,75hard",50,27.0,86700,美国,Suspected,0.0148,1752,16,1,Major Fitness,0.0091324200913242,0.0005707762557077625,0.009703196347031963,20.207612456747405,28.538812785388128,35.04,Mid,2025-04,Strength / Training
2025-04-12,Still Running Push Pull Legs? Time to Grow Up! (DO THIS INSTEAD),https://www.youtube.com/watch?v=drqT1M6XyUY,Enkiri Elite Fitness,"Fitness,Health,Sports,Entertainment","fitness,bodybuilding,health,workout,enkirielitefitness",497,27.0,67600,美国,Suspected,0.1345,21857,1099,184,Major Fitness,0.050281374388067894,0.008418355675527291,0.05869973006359519,323.3284023668639,22.73871071052752,43.97786720321932,Mid,2025-04,Strength / Training
2025-04-10,Gym Bros FOLD Immediately When Ranking Girls (Full Reaction),https://www.youtube.com/watch?v=hwQ54e9tWIs,REVIVAL Fitness,"Health,Fitness","revivalfitness,religion,building,health,gym",1967,27.0,65400,美国,Suspected,0.2019,16382,477,283,Major Fitness,0.02911732389207667,0.017275057990477353,0.04639238188255402,250.4892966360856,120.07080942497863,8.328418912048805,Mid,2025-04,Strength / Training
2025-04-10,Crush Upper Body with Me with the Major Fitness B52 Pro: A Versatile and Spacing Saving Home Gym!,https://www.youtube.com/shorts/OR_RdDsRT7Y,Luke’s Garage Gym,"Workout,Home,Travel,Health","fitness,budget,gym,gymequipment,titan",99,27.0,5500,美国,Sponsored,0.0221,2487,25,3,Major Fitness,0.010052271813429835,0.0012062726176115801,0.011258544431041415,452.1818181818182,39.806996381182145,25.12121212121212,Nano,2025-04,Home Gym / Garage Gym
2025-04-09,"✅ Morning Routine. Rise early, work hard, stay focused !! #motivation",https://www.youtube.com/shorts/NOhZosC0U-g,Frank Medrano,"Workout,Health,Home","calisthenics,fitness,workout,health,gym",355,27.0,1840000,美国,Mentioned,0.0244,211086,3404,174,Major Fitness,0.016126128686885913,0.0008243085756516301,0.016950437262537543,114.72065217391304,1.6817789905536131,594.6084507042253,Mega,2025-04,Strength / Training
2025-04-09,Race Pace in the Wind & A New Shoe Sponsor,https://www.youtube.com/watch?v=5pt3SeOTG_E,Gwen Jorgensen,"Health,Food,Technology","olympic trials,gwen jorgensen,marathon training,gwen jorgensen nutrition,global triathlon network",155,27.0,55000,美国,Suspected,0.0712,6570,258,21,Major Fitness,0.039269406392694065,0.0031963470319634705,0.04246575342465753,119.45454545454545,23.59208523592085,42.38709677419355,Mid,2025-04,Strength / Training
2025-04-06,How to Build a Home Gym Like Sam Sulek - for MUCH CHEAPER,https://www.youtube.com/watch?v=wLO41c8MRj8,REVIVAL Fitness,"Health,Fitness","revivalfitness,religion,building,health,gym",1967,27.0,65400,美国,Suspected,0.1293,15074,419,153,Major Fitness,0.027796205386758657,0.010149927026668436,0.03794613241342709,230.48929663608564,130.489584715404,7.663446873411286,Mid,2025-04,Home Gym / Garage Gym
2025-04-04,5 Tips to Defeat the Dad Bod,https://www.youtube.com/watch?v=rbgHuAxi1qQ,Ben Barker Fitness,"Workout,Health","fitness,gym,workout,health,lifestyle",82,27.0,12100,美国,Suspected,0.029,758,12,1,Major Fitness,0.0158311345646438,0.0013192612137203166,0.017150395778364115,62.64462809917355,108.17941952506597,9.24390243902439,Micro,2025-04,Strength / Training
2025-04-03,No exceptions for females in the U.S Military #womenincombat,https://www.youtube.com/shorts/Me3XOWgF-Z4,Christopher Kellum,"Health,Fitness,Military,Fashion","health,fitness,army fitness,kellum fitness,75hard",50,27.0,86700,美国,Suspected,0.0469,1471,19,5,Major Fitness,0.01291638341264446,0.003399048266485384,0.016315431679129844,16.96655132641292,33.99048266485384,29.42,Mid,2025-04,Strength / Training
2025-04-03,U.S Military Says NO MORE PASSES FOR FEMALES? #womenincombat,https://www.youtube.com/shorts/kEZLlTGQV4g,Christopher Kellum,"Health,Fitness,Military,Fashion","health,fitness,army fitness,kellum fitness,75hard",50,27.0,86700,美国,Suspected,0.0769,1469,53,6,Major Fitness,0.03607896528250511,0.0040844111640571815,0.04016337644656229,16.943483275663205,34.036759700476516,29.38,Mid,2025-04,Strength / Training
2025-04-02,Arm Workout Superset for Sleeve Busting Triceps,https://www.youtube.com/watch?v=oHegba6rcrc,Ben Barker Fitness,"Workout,Health","fitness,gym,workout,health,lifestyle",82,27.0,12100,美国,Suspected,0.0395,329,3,1,Major Fitness,0.00911854103343465,0.00303951367781155,0.0121580547112462,27.1900826446281,249.2401215805471,4.012195121951219,Micro,2025-04,Strength / Training
2025-04-01,How I Got FAT - Original Full Day of Eating Review,https://www.youtube.com/watch?v=Rc2dr1Hg9mg,REVIVAL Fitness,"Health,Fitness","revivalfitness,religion,building,health,gym",1967,27.0,65400,美国,Suspected,0.2135,14387,521,255,Major Fitness,0.03621324807117537,0.0177243344686175,0.05393758253979287,219.98470948012232,136.7206505873358,7.314184036603965,Mid,2025-04,Equipment Review
2025-03-31,Inside the Factory | MAJOR FITNESS – How Your Rack is Made!,https://www.youtube.com/watch?v=jrsaomPBr9A,MAJOR FITNESS,"Workout,Home,Health,Challenge","homegym,garagegym,fitness,workout,majorfitness",96,27.0,26000,美国,Mentioned,0.0485,577,8,2,Major Fitness,0.01386481802426343,0.0034662045060658577,0.01733102253032929,22.192307692307693,166.3778162911612,6.010416666666667,Micro,2025-03,Home Gym / Garage Gym
2025-03-28,Major Fitness Gets Up Way Too Early with Garage Gym Life,https://www.youtube.com/watch?v=WewbQJXGnq8,Garage Gym Life,"Workout,Health,Home,Sports","fitness,bodybuilding,garagegymlifemedia,garagegym,garagegymlife",113,27.0,58800,美国,Sponsored,0.1013,4293,325,11,Major Fitness,0.07570463545306312,0.002562310738411367,0.07826694619147449,73.01020408163265,26.32191940368041,37.991150442477874,Mid,2025-03,Home Gym / Garage Gym
2025-03-28,YTLW Exercise for a Stronger Back and Stable Shoulders,https://www.youtube.com/watch?v=pJ14nLSAlvc,Ben Barker Fitness,"Workout,Health","fitness,gym,workout,health,lifestyle",82,27.0,12100,美国,Suspected,0.0633,869,35,2,Major Fitness,0.04027617951668585,0.0023014959723820483,0.04257767548906789,71.81818181818183,94.36133486766398,10.597560975609756,Micro,2025-03,Strength / Training
2025-03-28,RitFit PLC01 REVIEW || My Experience with a Budget Leg Extension & Curl Machine (Is It Worth It? ),https://www.youtube.com/watch?v=_dA4MvWYmWk,Enkiri Elite Fitness,"Fitness,Health,Sports,Entertainment","fitness,bodybuilding,health,workout,enkirielitefitness",497,27.0,67600,美国,Suspected,0.0268,13038,109,24,Major Fitness,0.008360177941402055,0.0018407731247123793,0.010200951066114435,192.8698224852071,38.119343457585515,26.233400402414485,Mid,2025-03,Equipment Review
2025-03-26,5 Exercises to Defeat the Dad Bod,https://www.youtube.com/watch?v=ySQsDrmkT7I,Ben Barker Fitness,"Workout,Health","fitness,gym,workout,health,lifestyle",82,27.0,12100,美国,Suspected,0.0487,780,28,1,Major Fitness,0.035897435897435895,0.001282051282051282,0.03717948717948718,64.46280991735537,105.12820512820512,9.512195121951219,Micro,2025-03,Strength / Training
2025-03-26,He Hasn’t CUT in 4 Years … (WILD Natural Transformation),https://www.youtube.com/watch?v=bkb77URGepg,REVIVAL Fitness,"Health,Fitness","revivalfitness,religion,building,health,gym",1967,27.0,65400,美国,Suspected,0.1933,14766,515,234,Major Fitness,0.03487742110253285,0.015847216578626575,0.050724637681159424,225.77981651376146,133.2114316673439,7.506863243518048,Mid,2025-03,Strength / Training
2025-03-25,TESTING the Major Fitness B52 for Home Gym Versatility,https://www.youtube.com/shorts/spaQGTzuMic,Luke’s Garage Gym,"Workout,Home,Travel,Health","fitness,budget,gym,gymequipment,titan",99,27.0,5500,美国,Sponsored,0.0268,671,18,0,Major Fitness,0.026825633383010434,0.0,0.026825633383010434,122.0,147.54098360655738,6.777777777777778,Nano,2025-03,Home Gym / Garage Gym
2025-03-23,MAJOR Rack Upgrades You Need to Know About!,https://www.youtube.com/shorts/J6e7MZx5M7w,Luke’s Garage Gym,"Workout,Home,Travel,Health","fitness,budget,gym,gymequipment,titan",99,27.0,5500,美国,Suspected,0.0352,1421,30,2,Major Fitness,0.0211118930330753,0.0014074595355383533,0.022519352568613652,258.3636363636364,69.66924700914849,14.353535353535353,Nano,2025-03,Equipment Review
2025-03-22,Why Conjugate Training Is the Ultimate Way to Train for Life (The Conjugate REVOLUTION!),https://www.youtube.com/watch?v=T9sw-Uqqs9w,Enkiri Elite Fitness,"Fitness,Health,Sports,Entertainment","fitness,bodybuilding,health,workout,enkirielitefitness",497,27.0,67600,美国,Suspected,0.1245,12038,589,91,Major Fitness,0.04892839342083403,0.00755939524838013,0.05648778866921415,178.07692307692307,41.28592789499917,24.22132796780684,Mid,2025-03,Strength / Training
2025-03-21,UPGRADED All-in-One Power Rack | Major Fitness B52 Pro FULL REVIEW,https://www.youtube.com/watch?v=vTkVq4paxk0,Luke’s Garage Gym,"Workout,Home,Travel,Health","fitness,budget,gym,gymequipment,titan",99,27.0,5500,美国,Sponsored,0.2318,3145,99,63,Major Fitness,0.031478537360890305,0.02003179650238474,0.05151033386327504,571.8181818181818,31.478537360890304,31.767676767676768,Nano,2025-03,Equipment Review
2025-03-21,Gym Bros Make FOOLS of Themselves With Girls (Full Reaction),https://www.youtube.com/watch?v=yRM6j-2DRPg,REVIVAL Fitness,"Health,Fitness","revivalfitness,religion,building,health,gym",1967,27.0,65400,美国,Suspected,0.2168,21148,724,386,Major Fitness,0.03423491583128428,0.018252317003972007,0.05248723283525629,323.3639143730887,93.01115944770191,10.751398068124047,Mid,2025-03,Strength / Training
2025-03-21,Easy way to increase your hand release push-ups,https://www.youtube.com/shorts/ROi-4qLck3A,Christopher Kellum,"Health,Fitness,Military,Fashion","health,fitness,army fitness,kellum fitness,75hard",50,27.0,86700,美国,Suspected,0.0441,2494,40,7,Major Fitness,0.01603849238171612,0.0028067361668003207,0.01884522854851644,28.76585928489043,20.04811547714515,49.88,Mid,2025-03,Strength / Training
2025-03-21,It Wouldn't BREAK! Best Budget Home Gym Leg Developer!,https://www.youtube.com/shorts/wNNLLuKzFAI,NoFate247,"Fitness,Home,Health,Food","nofate247,5f3b28f9517b0,a_aid,fitness,homegym",142,27.0,26000,美国,Mentioned,0.0685,1489,52,5,Major Fitness,0.03492276695768973,0.0033579583613163196,0.038280725319006045,57.26923076923077,95.36601746138348,10.485915492957746,Micro,2025-03,Home Gym / Garage Gym
2025-03-20,What motivates my season - 2025,https://www.youtube.com/watch?v=kdMSMGtzZKo,Gwen Jorgensen,"Health,Food,Technology","olympic trials,gwen jorgensen,marathon training,gwen jorgensen nutrition,global triathlon network",155,27.0,55000,美国,Suspected,0.0646,5463,253,10,Major Fitness,0.046311550430166576,0.0018304960644334614,0.048142046494600035,99.32727272727273,28.372688998718655,35.24516129032258,Mid,2025-03,Strength / Training
2025-03-19,"If you aren't using dumbbells, YOU are a dumbbell! Get smarter daily with Dr. Lou! Portland, Maine",https://www.youtube.com/shorts/REduEaUdXPo,Mainechiropractor,Health,"health,mainechiropractor,maine,drlou,portlandmaine",41,27.0,244000,美国,Suspected,0.0714,42,3,0,Major Fitness,0.07142857142857142,0.0,0.07142857142857142,0.17213114754098363,976.1904761904761,1.024390243902439,Macro,2025-03,Health / Nutrition
2025-03-18,How your 9–5 job is ruining your health (How to Fix it) #workstress,https://www.youtube.com/shorts/56qzfda0oA0,Christopher Kellum,"Health,Fitness,Military,Fashion","health,fitness,army fitness,kellum fitness,75hard",50,27.0,86700,美国,Suspected,0.0979,1389,56,8,Major Fitness,0.040316774658027354,0.005759539236861051,0.04607631389488841,16.020761245674738,35.99712023038157,27.78,Mid,2025-03,Strength / Training
2025-03-18,7 Exercises to Defeat the Dad Bod,https://www.youtube.com/watch?v=jfze265rgpM,Ben Barker Fitness,"Workout,Health","fitness,gym,workout,health,lifestyle",82,27.0,12100,美国,Suspected,0.041,1074,24,2,Major Fitness,0.0223463687150838,0.00186219739292365,0.024208566108007448,88.76033057851241,76.35009310986965,13.097560975609756,Micro,2025-03,Strength / Training
2025-03-18,Merach NovaRow R50 REVIEW || Budget Rower That Beats a Concept2!? (My Honest Experience),https://www.youtube.com/watch?v=BGKqPLUTu0w,Enkiri Elite Fitness,"Fitness,Health,Sports,Entertainment","fitness,bodybuilding,health,workout,enkirielitefitness",497,27.0,67600,美国,Suspected,0.0157,10269,81,8,Major Fitness,0.007887817703768623,0.0007790437238289999,0.008666861427597624,151.9082840236686,48.39809134287662,20.661971830985916,Mid,2025-03,Equipment Review
2025-03-18,10 Major Fitness Milestones to Hit in Your 30s,https://www.youtube.com/watch?v=mjIG_CDTj5Q,The Movement System,"Health,Fitness,Sports","health,fitness,sports,lifestyle,vertical jump training",206,27.0,176000,美国,Mentioned,0.1438,5203,308,44,Major Fitness,0.05919661733615222,0.008456659619450317,0.06765327695560254,29.5625,39.59254276379012,25.25728155339806,Macro,2025-03,Strength / Training
2025-03-17,The Military is getting soft... & the Pentagon knows it.,https://www.youtube.com/shorts/HOzyn2L5VzE,Christopher Kellum,"Health,Fitness,Military,Fashion","health,fitness,army fitness,kellum fitness,75hard",50,27.0,86700,美国,Suspected,0.1317,1078,42,10,Major Fitness,0.03896103896103896,0.00927643784786642,0.04823747680890538,12.43367935409458,46.38218923933209,21.56,Mid,2025-03,Strength / Training
2025-03-17,Discover The MOST Exciting Fitness Equipment At The HFA Show 2025 | Major Fitness Booth Tour,https://www.youtube.com/watch?v=6aVCFvE40cM,Garage Gym Life,"Workout,Health,Home,Sports","fitness,bodybuilding,garagegymlifemedia,garagegym,garagegymlife",113,27.0,58800,美国,Sponsored,0.0746,3526,83,18,Major Fitness,0.023539421440726037,0.005104934770277935,0.02864435621100397,59.965986394557824,32.04764605785593,31.20353982300885,Mid,2025-03,Home Gym / Garage Gym
2025-03-15,B-52 Pro vs Original - MASSIVE Gym Equipment Upgrade from Major Fitness!,https://www.youtube.com/shorts/LwWMlwRBAHI,Luke’s Garage Gym,"Workout,Home,Travel,Health","fitness,budget,gym,gymequipment,titan",99,27.0,5500,美国,Sponsored,0.0519,2312,40,8,Major Fitness,0.01730103806228374,0.0034602076124567475,0.020761245674740483,420.3636363636364,42.82006920415225,23.353535353535353,Nano,2025-03,Equipment Review
2025-03-14,"5 Back Exercises to Reject the Dad Bod | Rows, Pull-Downs, Chin-Ups, and More",https://www.youtube.com/watch?v=8er_ObXV6KY,Ben Barker Fitness,"Workout,Health","fitness,gym,workout,health,lifestyle",82,27.0,12100,美国,Suspected,0.0744,390,9,2,Major Fitness,0.023076923076923078,0.005128205128205128,0.028205128205128206,32.231404958677686,210.25641025641025,4.7560975609756095,Micro,2025-03,Strength / Training
2025-03-13,Major Fitness F22 Pro - Watch FULL Review Now,https://www.youtube.com/shorts/k9li29Yl73E,Design. Build. Lift.,"Fitness,Health,DIY","fitness,health,diy,gym,diy fitness club",51,27.0,12900,美国,Mentioned,0.0177,1811,32,0,Major Fitness,0.0176697956929873,0.0,0.0176697956929873,140.3875968992248,28.16123688569851,35.509803921568626,Micro,2025-03,Equipment Review
2025-03-13,This Smith Machine Got an Upgrade! Check Out This 5-in-1 Rack from Major Fitness!,https://www.youtube.com/shorts/n3-m7MlQQZo,Luke’s Garage Gym,"Workout,Home,Travel,Health","fitness,budget,gym,gymequipment,titan",99,27.0,5500,美国,Sponsored,0.2297,444,12,9,Major Fitness,0.02702702702702703,0.02027027027027027,0.0472972972972973,80.72727272727273,222.97297297297297,4.484848484848484,Nano,2025-03,Equipment Review
2025-03-13,Major Fitness F22 Pro - Home Gym Review,https://www.youtube.com/watch?v=GRsziztObZY,Design. Build. Lift.,"Fitness,Health,DIY","fitness,health,diy,gym,diy fitness club",51,27.0,12900,美国,Mentioned,0.1404,3261,68,39,Major Fitness,0.020852499233364,0.011959521619135235,0.032812020852499235,252.7906976744186,15.639374425023,63.94117647058823,Micro,2025-03,Home Gym / Garage Gym
2025-03-12,This Decision Will WRECK Your Physique - CHOOSE WISELY!,https://www.youtube.com/watch?v=NiE7hBc2FM0,REVIVAL Fitness,"Health,Fitness","revivalfitness,religion,building,health,gym",1967,27.0,65400,美国,Suspected,0.2151,21620,770,388,Major Fitness,0.035615171137835334,0.017946345975948196,0.053561517113783534,330.5810397553517,90.98057354301572,10.991357397051347,Mid,2025-03,Strength / Training
2025-03-12,How to install MAJOR FITNESS Drone™ 3 Smith machine | Step-By-Step Tutorial | 3D rendering,https://www.youtube.com/watch?v=IR1x-i5C_u8,MAJOR FITNESS,"Workout,Home,Health,Challenge","homegym,garagegym,fitness,workout,majorfitness",96,27.0,26000,美国,Mentioned,0.0168,358,6,0,Major Fitness,0.01675977653631285,0.0,0.01675977653631285,13.76923076923077,268.1564245810056,3.7291666666666665,Micro,2025-03,Home Gym / Garage Gym
2025-03-12,How to install MAJOR FITNESS Drone™ 3 Power Rack | Step-By-Step Tutorial | 3D rendering,https://www.youtube.com/watch?v=38RvA5EBa4Y,MAJOR FITNESS,"Workout,Home,Health,Challenge","homegym,garagegym,fitness,workout,majorfitness",96,27.0,26000,美国,Mentioned,0.0594,875,12,4,Major Fitness,0.013714285714285714,0.004571428571428572,0.018285714285714287,33.65384615384615,109.71428571428571,9.114583333333334,Micro,2025-03,Home Gym / Garage Gym
2025-03-12,10 Exercises to Reject the Dad Bod,https://www.youtube.com/watch?v=sNCLnD-IR3E,Ben Barker Fitness,"Workout,Health","fitness,gym,workout,health,lifestyle",82,27.0,12100,美国,Suspected,0.0747,1687,36,9,Major Fitness,0.02133965619442798,0.005334914048606995,0.026674570243034972,139.42148760330576,48.60699466508595,20.573170731707318,Micro,2025-03,Strength / Training
2025-03-11,How to install MAJOR FITNESS F22 Pro | Step-By-Step Tutorial | 3D rendering,https://www.youtube.com/watch?v=N-ltXBpjA74,MAJOR FITNESS,"Workout,Home,Health,Challenge","homegym,garagegym,fitness,workout,majorfitness",96,27.0,26000,美国,Sponsored,0.0669,777,12,4,Major Fitness,0.015444015444015444,0.005148005148005148,0.02059202059202059,29.884615384615383,123.55212355212356,8.09375,Micro,2025-03,Home Gym / Garage Gym
2025-03-11,How to install MAJOR FITNESS B52 Pro | Step-By-Step Tutorial | 3D rendering,https://www.youtube.com/watch?v=ZZ66T_6n4T0,MAJOR FITNESS,"Workout,Home,Health,Challenge","homegym,garagegym,fitness,workout,majorfitness",96,27.0,26000,美国,Sponsored,0.039,2410,34,6,Major Fitness,0.014107883817427386,0.0024896265560165973,0.016597510373443983,92.6923076923077,39.83402489626556,25.104166666666668,Micro,2025-03,Home Gym / Garage Gym
2025-03-11,How to install MAJOR FITNESS F35 Pro | Step-By-Step Tutorial | 3D rendering,https://www.youtube.com/watch?v=3yRCJWW6XTs,MAJOR FITNESS,"Workout,Home,Health,Challenge","homegym,garagegym,fitness,workout,majorfitness",96,27.0,26000,美国,Sponsored,0.0364,880,12,2,Major Fitness,0.013636363636363636,0.0022727272727272726,0.015909090909090907,33.84615384615385,109.09090909090908,9.166666666666666,Micro,2025-03,Home Gym / Garage Gym
2025-03-09,Inside Look My Home Gym - Frank Medrano,https://www.youtube.com/watch?v=_J3fNMwwuYA,Frank Medrano,"Workout,Health,Home","calisthenics,fitness,workout,health,gym",355,27.0,1840000,美国,Mentioned,0.081,11471,489,44,Major Fitness,0.04262923895039665,0.003835759741957981,0.04646499869235463,6.234239130434783,30.947607008979162,32.31267605633803,Mega,2025-03,Home Gym / Garage Gym
2025-03-08,"How I Got 1,000+ Testosterone Levels WITHOUT TRT",https://www.youtube.com/watch?v=-7ZsIR3iPY4,REVIVAL Fitness,"Health,Fitness","revivalfitness,religion,building,health,gym",1967,27.0,65400,美国,Suspected,0.3348,16823,683,495,Major Fitness,0.04059917969446591,0.02942400285323664,0.07002318254770255,257.2324159021407,116.92325982286155,8.552618200305034,Mid,2025-03,Equipment Review
2025-03-07,5 Years Natty ⁉️,https://www.youtube.com/shorts/fq_Ql1JYGwE,REVIVAL Fitness,"Health,Fitness","revivalfitness,religion,building,health,gym",1967,27.0,65400,美国,Suspected,0.0862,241979,9639,1123,Major Fitness,0.039834035184871414,0.004640898590373544,0.04447493377524496,3699.9847094801225,8.128804565685451,123.01931875953228,Mid,2025-03,Strength / Training
2025-03-07,I wanna build a body that's UNSTOPPABLE (Global Carryover: The Key to Unlocking Your Full Potential),https://www.youtube.com/watch?v=81cD1eyVxxk,Enkiri Elite Fitness,"Fitness,Health,Sports,Entertainment","fitness,bodybuilding,health,workout,enkirielitefitness",497,27.0,67600,美国,Suspected,0.1236,22664,1262,154,Major Fitness,0.05568302153194493,0.006794917049064595,0.06247793858100953,335.26627218934914,21.92905047652665,45.601609657947684,Mid,2025-03,Strength / Training
2025-03-06,Major Fitness drone 9 bench review,https://www.youtube.com/watch?v=kYTy46hvtQc,Science Based Fitness,"Fitness,Health","fitness,health,lifestyle,science based fitness,gym",56,27.0,4360,美国,Mentioned,0.0872,608,13,4,Major Fitness,0.02138157894736842,0.006578947368421052,0.027960526315789474,139.44954128440367,92.10526315789473,10.857142857142858,Nano,2025-03,Equipment Review
2025-03-04,Govern me Harder - No Patriot Ever Grunt Style T shirt,https://www.youtube.com/shorts/TzTbAU-Juwg,Christopher Kellum,"Health,Fitness,Military,Fashion","health,fitness,army fitness,kellum fitness,75hard",50,27.0,86700,美国,Suspected,0.0146,16242,167,7,Major Fitness,0.010281984977219554,0.00043098140623075974,0.010712966383450314,187.3356401384083,3.0784386159339983,324.84,Mid,2025-03,Strength / Training
2025-03-04,Major Fitness Pro Series,https://www.youtube.com/watch?v=4chbPK7qVuc,Science Based Fitness,"Fitness,Health","fitness,health,lifestyle,science based fitness,gym",56,27.0,4360,美国,Mentioned,0.202,1743,42,31,Major Fitness,0.024096385542168676,0.01778542742398164,0.04188181296615032,399.77064220183485,32.128514056224894,31.125,Nano,2025-03,Strength / Training
2025-03-03,Why Do Pro Trainers Swear By The MAJOR FITNESS Drone1 Power Cage?,https://www.youtube.com/watch?v=0FwiInqR65I,"Limitless Body: Calisthenics, Bodyweight & HomeGym",,,18,27.0,400,美国,Suspected,0.0,46,0,0,Major Fitness,0.0,0.0,0.0,115.0,391.304347826087,2.5555555555555554,Nano,2025-03,Strength / Training
2025-03-03,NEW Major Fitness B52 PRO Model Review: Worth the Upgrade?,https://www.youtube.com/watch?v=WzrhE7CZaa0,Hybrid Resistance,"Health,Fitness","health,fitness,total gym,sliding bench trainer,gr8flex",165,27.0,60200,美国,Sponsored,0.1131,4431,111,39,Major Fitness,0.025050778605280974,0.008801624915368992,0.033852403520649964,73.60465116279069,37.23764387271496,26.854545454545455,Mid,2025-03,Equipment Review
2025-03-01,"Sam Sulek vs Dr Mike Israetel - ""Science"" Fails AGAIN",https://www.youtube.com/watch?v=AJ7hu51Omws,REVIVAL Fitness,"Health,Fitness","revivalfitness,religion,building,health,gym",1967,27.0,65400,美国,Suspected,0.2792,38382,1026,969,Major Fitness,0.02673128028763483,0.025246209160544004,0.051977489448178836,586.8807339449542,51.247980824344744,19.51296390442298,Mid,2025-03,Strength / Training
2025-02-28,11 YEARS in the Gym For This - and Women LOVE IT?!,https://www.youtube.com/watch?v=McOsZWDrdQA,REVIVAL Fitness,"Health,Fitness","revivalfitness,religion,building,health,gym",1967,27.0,65400,美国,Suspected,0.2347,18363,700,361,Major Fitness,0.03812013287589174,0.01965909709742417,0.05777922997331591,280.7798165137615,107.11757338125578,9.335536349771225,Mid,2025-02,Strength / Training
2025-02-26,"Prison Triceps: Upper Body Workout Finisher | Bench Dips, Triceps Extensions, and Push-Ups",https://www.youtube.com/watch?v=V6J2DaO5ns0,Ben Barker Fitness,"Workout,Health","fitness,gym,workout,health,lifestyle",82,27.0,12100,美国,Suspected,0.0573,349,10,1,Major Fitness,0.02865329512893983,0.0028653295128939827,0.03151862464183381,28.842975206611573,234.95702005730658,4.2560975609756095,Micro,2025-02,Strength / Training
2025-02-26,Secret Army Fitness App Now Available Free,https://www.youtube.com/shorts/QIBKKlzkwj4,Christopher Kellum,"Health,Fitness,Military,Fashion","health,fitness,army fitness,kellum fitness,75hard",50,27.0,86700,美国,Suspected,0.072,736,23,3,Major Fitness,0.03125,0.004076086956521739,0.035326086956521736,8.489042675893886,67.93478260869564,14.72,Mid,2025-02,Strength / Training
2025-02-25,ACFT TRAINING APP IS LIVE,https://www.youtube.com/shorts/d8HodtHS8yI,Christopher Kellum,"Health,Fitness,Military,Fashion","health,fitness,army fitness,kellum fitness,75hard",50,27.0,86700,美国,Suspected,0.0527,1120,19,4,Major Fitness,0.016964285714285713,0.0035714285714285713,0.020535714285714286,12.918108419838525,44.642857142857146,22.4,Mid,2025-02,Strength / Training
2025-02-25,I Stayed SMALL Until I Realized This (My Unseen 1st Video),https://www.youtube.com/watch?v=QzZDwAsWWh4,REVIVAL Fitness,"Health,Fitness","revivalfitness,religion,building,health,gym",1967,27.0,65400,美国,Suspected,0.2142,21489,824,378,Major Fitness,0.03834519986970078,0.01759039508585788,0.05593559495555866,328.57798165137615,91.53520405789007,10.924758515505847,Mid,2025-02,Strength / Training
2025-02-22,"How to Train Like an Athlete in 2025: Get Faster, Stronger & More Explosive (The ULTIMATE Guide!)",https://www.youtube.com/watch?v=fuiuaRiZOPA,Enkiri Elite Fitness,"Fitness,Health,Sports,Entertainment","fitness,bodybuilding,health,workout,enkirielitefitness",497,27.0,67600,美国,Suspected,0.0408,28723,611,56,Major Fitness,0.021272151237684087,0.0019496570692476413,0.023221808306931727,424.896449704142,17.30320648957282,57.79275653923541,Mid,2025-02,Strength / Training
2025-02-22,Save your money long term with Majorfitness 🤝🏾🎯,https://www.youtube.com/shorts/6PrsKKvuRoE,Reek Jones,"Basketball,Workout,Funny,VLOG","basketball,sports,workout,life,college",149,27.0,35800,美国,Mentioned,0.0691,6197,318,11,Major Fitness,0.05131515249314184,0.0017750524447313217,0.05309020493787316,173.10055865921788,24.043892205906083,41.59060402684564,Micro,2025-02,Strength / Training
2025-02-22,⚠️ She DIED Squatting - Full Breakdown,https://www.youtube.com/shorts/xP4WJg19HpQ,REVIVAL Fitness,"Health,Fitness","revivalfitness,religion,building,health,gym",1967,27.0,65400,美国,Suspected,0.1491,17413,996,160,Major Fitness,0.05719864469074829,0.0091885372997186,0.06638718199046689,266.2538226299694,112.96158042841554,8.852567361464159,Mid,2025-02,Strength / Training
2025-02-21,Local Dad Deadlifts 500 lbs in the Freezing Suburban Streets,https://www.youtube.com/watch?v=UyElxswcTD4,Ben Barker Fitness,"Workout,Health","fitness,gym,workout,health,lifestyle",82,27.0,12100,美国,Suspected,0.1286,140,8,1,Major Fitness,0.05714285714285714,0.007142857142857143,0.06428571428571428,11.570247933884296,585.7142857142858,1.7073170731707317,Micro,2025-02,Strength / Training
2025-02-19,Can I Finally Strict Press 200 lbs? (Last Time Was a Massive Fail!),https://www.youtube.com/watch?v=v3JcLKQQn6s,Ben Barker Fitness,"Workout,Health","fitness,gym,workout,health,lifestyle",82,27.0,12100,美国,Suspected,0.1908,173,3,3,Major Fitness,0.017341040462427744,0.017341040462427744,0.03468208092485549,14.297520661157025,473.9884393063584,2.1097560975609757,Micro,2025-02,Strength / Training
2025-02-19,Hand release push-up cheat code! #acfttraining,https://www.youtube.com/shorts/BYVoBaWJgYI,Christopher Kellum,"Health,Fitness,Military,Fashion","health,fitness,army fitness,kellum fitness,75hard",50,27.0,86700,美国,Suspected,0.0414,2172,50,4,Major Fitness,0.02302025782688766,0.001841620626151013,0.024861878453038673,25.05190311418685,23.02025782688766,43.44,Mid,2025-02,Strength / Training
2025-02-18,Best Foldable Adjustable Bench for Home Gyms? | Major Fitness Drone 9 Bench Review,https://www.youtube.com/watch?v=4r_juMmChU4,Challenge Theory,"Health,Fitness,Sports","diet,transformation,fasting,health,lose weight",138,27.0,13100,美国,Suspected,0.1067,1434,23,13,Major Fitness,0.01603905160390516,0.00906555090655509,0.02510460251046025,109.46564885496184,96.23430962343096,10.391304347826088,Micro,2025-02,Home Gym / Garage Gym
2025-02-16,"SAM SULEK, WTF ⁉️",https://www.youtube.com/shorts/CrqS7MmOzI0,REVIVAL Fitness,"Health,Fitness","revivalfitness,religion,building,health,gym",1967,27.0,65400,美国,Suspected,0.0894,161019,4254,1014,Major Fitness,0.0264192424496488,0.006297393475304156,0.032716635924952955,2462.064220183486,12.215949670535775,81.86019318759533,Mid,2025-02,Strength / Training
2025-02-15,DEATH BY PUSH-UPS (Intense Home Gym Calisthenics Workout!),https://www.youtube.com/watch?v=DvXWuLXBZZI,Enkiri Elite Fitness,"Fitness,Health,Sports,Entertainment","fitness,bodybuilding,health,workout,enkirielitefitness",497,27.0,67600,美国,Suspected,0.171,3205,168,38,Major Fitness,0.052418096723868955,0.01185647425897036,0.06427457098283931,47.4112426035503,155.07020280811233,6.448692152917505,Mid,2025-02,Home Gym / Garage Gym
2025-02-14,"1,333 Days Without Alcohol: How Sobriety Changed My Life",https://www.youtube.com/shorts/ZcK88qoGW2M,Christopher Kellum,"Health,Fitness,Military,Fashion","health,fitness,army fitness,kellum fitness,75hard",50,27.0,86700,美国,Suspected,0.1139,913,34,7,Major Fitness,0.03723986856516977,0.007667031763417305,0.044906900328587074,10.530565167243367,54.76451259583789,18.26,Mid,2025-02,Strength / Training
2025-02-11,RitFit GAZELLE PRO Leg Press & Hack Squat Review || My Experience with a HEAVY DUTY Leg Machine!,https://www.youtube.com/watch?v=ect6iUzSx00,Enkiri Elite Fitness,"Fitness,Health,Sports,Entertainment","fitness,bodybuilding,health,workout,enkirielitefitness",497,27.0,67600,美国,Mentioned,0.022,13934,86,22,Major Fitness,0.006171953495048084,0.001578871824314626,0.00775082531936271,206.1242603550296,35.66814984928951,28.036217303822937,Mid,2025-02,Equipment Review
2025-02-11,How My Client Lost 14 lbs & Added 45 lbs to Her Deadlift! 💪 #acfttraining,https://www.youtube.com/shorts/6MWimkuCSfg,Christopher Kellum,"Health,Fitness,Military,Fashion","health,fitness,army fitness,kellum fitness,75hard",50,27.0,86700,美国,Suspected,0.0832,481,10,3,Major Fitness,0.02079002079002079,0.006237006237006237,0.02702702702702703,5.547866205305652,103.95010395010395,9.62,Mid,2025-02,Strength / Training
2025-02-11,Marriage & the Pro Athlete Life: Gwen & Pat’s Secrets to Balance,https://www.youtube.com/watch?v=fcJz9Ca2hcM,Gwen Jorgensen,"Health,Food,Technology","olympic trials,gwen jorgensen,marathon training,gwen jorgensen nutrition,global triathlon network",155,27.0,55000,美国,Suspected,0.0733,6047,273,17,Major Fitness,0.04514635356375062,0.002811311394079709,0.047957664957830326,109.94545454545454,25.632545063667934,39.012903225806454,Mid,2025-02,Strength / Training
2025-02-10,Army Combat Fitness Test Training App #acfttraining,https://www.youtube.com/shorts/cc3Q-QACSBs,Christopher Kellum,"Health,Fitness,Military,Fashion","health,fitness,army fitness,kellum fitness,75hard",50,27.0,86700,美国,Suspected,0.0412,849,25,1,Major Fitness,0.02944640753828033,0.001177856301531213,0.030624263839811542,9.792387543252595,58.89281507656066,16.98,Mid,2025-02,Equipment Review
2025-02-08,The Best FREE Weighted Calisthenics Program (To Get Insanely Jacked & Strong in 2025!),https://www.youtube.com/watch?v=ZoQdp6C3y-w,Enkiri Elite Fitness,"Fitness,Health,Sports,Entertainment","fitness,bodybuilding,health,workout,enkirielitefitness",497,27.0,67600,美国,Suspected,0.0459,21587,480,51,Major Fitness,0.02223560476212535,0.002362533005975819,0.024598137768101172,319.3343195266272,23.023115764117293,43.43460764587525,Mid,2025-02,Strength / Training
2025-02-06,💉 First Cycle Gains,https://www.youtube.com/shorts/_zeSU0SXzaI,REVIVAL Fitness,"Health,Fitness","revivalfitness,religion,building,health,gym",1967,27.0,65400,美国,Suspected,0.0949,63121,1880,411,Major Fitness,0.029784065524944156,0.006511303686570238,0.03629536921151439,965.1529051987767,31.162370684875082,32.08998474834774,Mid,2025-02,Strength / Training
2025-02-05,"Lu Raises | Shoulder Exercise for Bigger, Stronger Delts",https://www.youtube.com/watch?v=ycAuUmINHIQ,Ben Barker Fitness,"Workout,Health","fitness,gym,workout,health,lifestyle",82,27.0,12100,美国,Suspected,0.1699,153,6,2,Major Fitness,0.0392156862745098,0.013071895424836602,0.05228758169934641,12.644628099173554,535.9477124183006,1.8658536585365855,Micro,2025-02,Strength / Training
2025-02-05,700lb DROP TEST? This product from Major Fitness is SOLID! #homefitness #homegym #shorts,https://www.youtube.com/shorts/1V0ge9_0Y2E,Luke’s Garage Gym,"Workout,Home,Travel,Health","fitness,budget,gym,gymequipment,titan",99,27.0,5500,美国,Mentioned,0.0719,835,20,4,Major Fitness,0.023952095808383235,0.004790419161676647,0.02874251497005988,151.8181818181818,118.562874251497,8.434343434343434,Nano,2025-02,Home Gym / Garage Gym
2025-02-04,You Can Expect THIS After 14 Years Natty?!,https://www.youtube.com/watch?v=CSCE-PTZqoQ,REVIVAL Fitness,"Health,Fitness","revivalfitness,religion,building,health,gym",1967,27.0,65400,美国,Suspected,0.1969,22429,767,365,Major Fitness,0.03419679878728432,0.016273574390298275,0.05047037317758259,342.95107033639147,87.69896116634713,11.40264361972547,Mid,2025-02,Strength / Training
2025-01-30,STOP Bulking Until You Watch This (All Roads Explained),https://www.youtube.com/watch?v=1kJKB1PljbA,REVIVAL Fitness,"Health,Fitness","revivalfitness,religion,building,health,gym",1967,27.0,65400,美国,Suspected,0.1994,18865,792,297,Major Fitness,0.04198250728862974,0.01574344023323615,0.05772594752186589,288.45565749235476,104.26716141001856,9.590747330960854,Mid,2025-01,Strength / Training
2025-01-29,The secret to maxing your hand release push-ups,https://www.youtube.com/shorts/stuf4E-biNU,Christopher Kellum,"Health,Fitness,Military,Fashion","health,fitness,army fitness,kellum fitness,75hard",50,27.0,86700,美国,Suspected,0.0497,2273,83,3,Major Fitness,0.0365156181258249,0.0013198416190057193,0.03783545974483062,26.21683967704729,21.997360316761988,45.46,Mid,2025-01,Strength / Training
2025-01-29,"Full Chest, Shoulders, And Triceps Workout for Fit Dads",https://www.youtube.com/watch?v=XheXQgWpY24,Ben Barker Fitness,"Workout,Health","fitness,gym,workout,health,lifestyle",82,27.0,12100,美国,Suspected,0.1705,346,9,5,Major Fitness,0.02601156069364162,0.014450867052023121,0.04046242774566474,28.59504132231405,236.9942196531792,4.219512195121951,Micro,2025-01,Strength / Training
2025-01-26,What the CARNIVORE DIET Did to Me... (Graphic),https://www.youtube.com/watch?v=b6TAXDwIEmg,REVIVAL Fitness,"Health,Fitness","revivalfitness,religion,building,health,gym",1967,27.0,65400,美国,Suspected,0.3619,19548,804,627,Major Fitness,0.04112952731737262,0.03207489257213014,0.07320441988950276,298.89908256880733,100.62410476775118,9.937976614133198,Mid,2025-01,Strength / Training
2025-01-25,"The HELLACIOUS HAMSTRINGS Vlog || Heavy Hamstrings, Fast Hamstrings, Volume, & Overload!",https://www.youtube.com/watch?v=NNHhpQLUH1I,Enkiri Elite Fitness,"Fitness,Health,Sports,Entertainment","fitness,bodybuilding,health,workout,enkirielitefitness",497,27.0,67600,美国,Suspected,0.1801,3037,187,36,Major Fitness,0.06157392163319065,0.011853803095159697,0.07342772472835035,44.926035502958584,163.6483371748436,6.110663983903421,Mid,2025-01,Strength / Training
2025-01-25,No Stone Left Unturned: Bike Drills and Skills,https://www.youtube.com/watch?v=o9E_qBwgG20,Gwen Jorgensen,"Health,Food,Technology","olympic trials,gwen jorgensen,marathon training,gwen jorgensen nutrition,global triathlon network",155,27.0,55000,美国,Suspected,0.0512,3731,151,4,Major Fitness,0.040471723398552664,0.0010720986330742428,0.04154382203162691,67.83636363636364,41.54382203162691,24.070967741935483,Mid,2025-01,Strength / Training
2025-01-24,Ab Exercises - 5 Favorite Core Moves for Fit Dads,https://www.youtube.com/watch?v=I7CfKP8_4ck,Ben Barker Fitness,"Workout,Health","fitness,gym,workout,health,lifestyle",82,27.0,12100,美国,Suspected,0.3842,203,8,7,Major Fitness,0.03940886699507389,0.034482758620689655,0.07389162561576355,16.77685950413223,403.9408866995074,2.475609756097561,Micro,2025-01,Strength / Training
2025-01-23,Explore a variety of workouts with the B52 All-In-One Smith Machine!,https://www.youtube.com/shorts/yiGsdj-U1Js,MAJOR FITNESS,"Workout,Home,Health,Challenge","homegym,garagegym,fitness,workout,majorfitness",96,27.0,26000,美国,Suspected,0.0157,1210,19,0,Major Fitness,0.015702479338842976,0.0,0.015702479338842976,46.53846153846153,79.33884297520662,12.604166666666666,Micro,2025-01,Home Gym / Garage Gym
2025-01-22,Top 5 Garage Gym Triceps Exercises for Fit Dads,https://www.youtube.com/watch?v=YjwBNsqMxRo,Ben Barker Fitness,"Workout,Health","fitness,gym,workout,health,lifestyle",82,27.0,12100,美国,Suspected,0.1745,275,8,4,Major Fitness,0.02909090909090909,0.014545454545454545,0.04363636363636364,22.727272727272727,298.1818181818182,3.3536585365853657,Micro,2025-01,Home Gym / Garage Gym
2025-01-21,Avoid These Plank Mistakes to Pass the ACFT! 🚫💪,https://www.youtube.com/shorts/wK9gu8-Deuk,Christopher Kellum,"Health,Fitness,Military,Fashion","health,fitness,army fitness,kellum fitness,75hard",50,27.0,86700,美国,Suspected,0.0678,1962,93,4,Major Fitness,0.047400611620795105,0.0020387359836901123,0.04943934760448522,22.629757785467127,25.4841997961264,39.24,Mid,2025-01,Strength / Training
2025-01-20,Unlock a deeper squat! 🏋️‍♂️,https://www.youtube.com/shorts/n7jeK8TgG-Q,MAJOR FITNESS,"Workout,Home,Health,Challenge","homegym,garagegym,fitness,workout,majorfitness",96,27.0,26000,美国,Suspected,0.0305,787,24,0,Major Fitness,0.030495552731893267,0.0,0.030495552731893267,30.26923076923077,121.98221092757306,8.197916666666666,Micro,2025-01,Home Gym / Garage Gym
2025-01-20,Major Fitness F35 Power Rack #workout #fitness #baseballdrills #baseballworkout,https://www.youtube.com/shorts/x0ieA70Z0xU,Case.Baseball,"Baseball,Fun","baseball,sports,workhard,braves,havefun",191,27.0,14200,美国,Mentioned,0.0294,1121,33,0,Major Fitness,0.029438001784121322,0.0,0.029438001784121322,78.94366197183099,170.38358608385371,5.869109947643979,Micro,2025-01,Strength / Training
2025-01-20,Defense Work and Heavy Deadlifts | A Day in The Life,https://www.youtube.com/watch?v=OKPjc0WWaJc,Isaiah’s Life,"Fitness,Baseball,Health","fitness,baseball,health,lifestyle,a day in the life",130,27.0,15100,美国,Suspected,0.1546,2419,134,24,Major Fitness,0.05539479123604795,0.009921455146754857,0.06531624638280281,160.19867549668874,53.741215378255475,18.607692307692307,Micro,2025-01,Strength / Training
2025-01-19,They Say THIS Is a Dad Bod? (Delusional Standards Explained),https://www.youtube.com/watch?v=l-6rhy9_CTg,REVIVAL Fitness,"Health,Fitness","revivalfitness,religion,building,health,gym",1967,27.0,65400,美国,Suspected,0.2215,23948,1025,428,Major Fitness,0.04280106898279606,0.017872056121596792,0.06067312510439285,366.177370030581,82.1362953064974,12.174885612608033,Mid,2025-01,Strength / Training
2025-01-17,"How to Become a Leg Day FREAK (The 6 Pillars to Insane Strength, Aesthetics, & Explosive Power)",https://www.youtube.com/watch?v=yzzuB_Xhyys,Enkiri Elite Fitness,"Fitness,Health,Sports,Entertainment","fitness,bodybuilding,health,workout,enkirielitefitness",497,27.0,67600,美国,Suspected,0.0111,140573,796,76,Major Fitness,0.005662538325282949,0.0005406443627154575,0.006203182687998406,2079.4822485207096,3.535529582494505,282.8430583501006,Mid,2025-01,Strength / Training
2025-01-17,An Update On Baseball…,https://www.youtube.com/watch?v=h6uCZJwtzLE,Isaiah’s Life,"Fitness,Baseball,Health","fitness,baseball,health,lifestyle,a day in the life",130,27.0,15100,美国,Suspected,0.1338,4326,219,36,Major Fitness,0.05062413314840499,0.008321775312066574,0.05894590846047157,286.49006622516555,30.05085529357374,33.276923076923076,Micro,2025-01,Strength / Training
2025-01-16,Bringing power and precision to every rep with my @majorfitness_global F22 power rack. 🥊,https://www.youtube.com/shorts/4_djOnYBCQI,Sophia Rose,"Fitness,Health","fitness,health,lifestyle,motivation,sports",149,27.0,64700,美国,Mentioned,0.1133,4671,449,8,Major Fitness,0.09612502676086492,0.0017126953543138515,0.09783772211517876,72.19474497681608,31.89895097409548,31.348993288590606,Mid,2025-01,Strength / Training
2025-01-16,"INSANE CALISTHENICS GAINS Vlog || Strength, Hypertrophy, & Muscular Endurance!",https://www.youtube.com/watch?v=huCwzCLJK1I,Enkiri Elite Fitness,"Fitness,Health,Sports,Entertainment","fitness,bodybuilding,health,workout,enkirielitefitness",497,27.0,67600,美国,Suspected,0.1659,3394,223,34,Major Fitness,0.06570418385385975,0.010017678255745434,0.07572186210960519,50.20710059171598,146.43488509133763,6.82897384305835,Mid,2025-01,Strength / Training
2025-01-15,It’s Okay To Train Alone,https://www.youtube.com/watch?v=jlmWCCrxB4M,Isaiah’s Life,"Fitness,Baseball,Health","fitness,baseball,health,lifestyle,a day in the life",130,27.0,15100,美国,Sponsored,0.1901,2636,171,33,Major Fitness,0.06487101669195751,0.01251896813353566,0.07738998482549317,174.56953642384107,49.317147192716234,20.276923076923076,Micro,2025-01,Strength / Training
2025-01-15,"Quad-Building Workout: Leg Extensions + Heel-Elevated Goblet Squats for Bigger, Stronger Legs!",https://www.youtube.com/watch?v=IQH-Tj0Ivzw,Ben Barker Fitness,"Workout,Health","fitness,gym,workout,health,lifestyle",82,27.0,12100,美国,Suspected,0.1944,72,4,1,Major Fitness,0.05555555555555555,0.013888888888888888,0.06944444444444445,5.950413223140496,1138.888888888889,0.8780487804878049,Micro,2025-01,Strength / Training
2025-01-14,BRUTAL Gym Injury ... Benching 225?! (Full Breakdown),https://www.youtube.com/watch?v=q005IwUCa-4,REVIVAL Fitness,"Health,Fitness","revivalfitness,religion,building,health,gym",1967,27.0,65400,美国,Suspected,0.2728,16512,614,389,Major Fitness,0.03718507751937984,0.023558624031007752,0.060743701550387594,252.4770642201835,119.12548449612403,8.394509405185563,Mid,2025-01,Strength / Training
2025-01-13,These Exercise Mods Are Getting Me JACKED,https://www.youtube.com/watch?v=upVz3heAbHM,REVIVAL Fitness,"Health,Fitness","revivalfitness,religion,building,health,gym",1967,27.0,65400,美国,Suspected,0.2024,14301,565,233,Major Fitness,0.03950772673239634,0.016292566953359906,0.055800293685756244,218.6697247706422,137.54282917278513,7.270462633451957,Mid,2025-01,Strength / Training
2025-01-13,Lifting Heavier and Hitting The Ball Harder | A Day in The Life,https://www.youtube.com/watch?v=XapDIhLBxBQ,Isaiah’s Life,"Fitness,Baseball,Health","fitness,baseball,health,lifestyle,a day in the life",130,27.0,15100,美国,Sponsored,0.1787,2104,116,26,Major Fitness,0.055133079847908745,0.012357414448669201,0.06749049429657794,139.33774834437085,61.78707224334601,16.184615384615384,Micro,2025-01,Strength / Training
2025-01-09,Build your home gym without compromising!,https://www.youtube.com/shorts/LbJJQ9GjQUY,MAJOR FITNESS,"Workout,Home,Health,Challenge","homegym,garagegym,fitness,workout,majorfitness",96,27.0,26000,美国,Sponsored,0.0438,616,17,1,Major Fitness,0.027597402597402596,0.0016233766233766235,0.02922077922077922,23.692307692307693,155.84415584415584,6.416666666666667,Micro,2025-01,Home Gym / Garage Gym
2025-01-09,The BEST Home Gym Workout For Explosive Strength!,https://www.youtube.com/watch?v=RLAa6SXxrho,Kamtoofyee,"Sports,VLOG","sports,footballvlogger,greatness,ilovefootballandjesus,football",3820,27.0,88200,美国,Suspected,0.1583,2059,146,18,Major Fitness,0.07090820786789703,0.008742107819329771,0.0796503156872268,23.34467120181406,1855.2695483244293,0.5390052356020942,Mid,2025-01,Home Gym / Garage Gym
2025-01-08,ENTIRE Home Gym Under $2000! #HomeGym #garagegym @major-fitness,https://www.youtube.com/shorts/1uHdD2XAZlw,Garage Gym Gainz,"Fitness,Home,Entertainment,Travel","homegym,garagegym,fitness,gym,home",96,27.0,6740,美国,Mentioned,0.0585,1025,30,3,Major Fitness,0.02926829268292683,0.002926829268292683,0.03219512195121951,152.07715133531158,93.65853658536585,10.677083333333334,Nano,2025-01,Home Gym / Garage Gym
2025-01-08,Out The Way and Training Hard  | 12am Workout | A Day in The Life,https://www.youtube.com/watch?v=I8_2RsMCSGw,Isaiah’s Life,"Fitness,Baseball,Health","fitness,baseball,health,lifestyle,a day in the life",130,27.0,15100,美国,Suspected,0.2113,1912,104,30,Major Fitness,0.05439330543933055,0.015690376569037656,0.0700836820083682,126.62251655629139,67.99163179916317,14.707692307692307,Micro,2025-01,Strength / Training
2025-01-06,Keep Showing Up On The Tough Days | Life at 19,https://www.youtube.com/watch?v=EOi3tU9Jdkg,Isaiah’s Life,"Fitness,Baseball,Health","fitness,baseball,health,lifestyle,a day in the life",130,27.0,15100,美国,Sponsored,0.146,1657,122,12,Major Fitness,0.07362703681351841,0.00724200362100181,0.08086904043452021,109.73509933774835,78.45503922751962,12.746153846153845,Micro,2025-01,Strength / Training
2025-01-06,THE MOST VERSATILE & AFFORDABLE HOME GYM,https://www.youtube.com/shorts/KRkfbdnTNls,MAJOR FITNESS,"Workout,Home,Health,Challenge","homegym,garagegym,fitness,workout,majorfitness",96,27.0,26000,美国,Suspected,0.0121,3481,42,0,Major Fitness,0.012065498419994254,0.0,0.012065498419994254,133.8846153846154,27.57828210284401,36.260416666666664,Micro,2025-01,Home Gym / Garage Gym
2025-01-03,How I Lock In for Training Hard - Raycon Everyday Earbuds Review,https://www.youtube.com/watch?v=M2NnguyAY8c,REVIVAL Fitness,"Health,Fitness","revivalfitness,religion,building,health,gym",1967,27.0,65400,美国,Suspected,0.2585,2170,71,49,Major Fitness,0.03271889400921659,0.02258064516129032,0.055299539170506916,33.18042813455657,906.4516129032259,1.103202846975089,Mid,2025-01,Equipment Review
2025-01-03,Building a Routine To Start The New Year | Life at 19,https://www.youtube.com/watch?v=uoyrFQt0HX8,Isaiah’s Life,"Fitness,Baseball,Health","fitness,baseball,health,lifestyle,a day in the life",130,27.0,15100,美国,Sponsored,0.1943,1873,114,25,Major Fitness,0.060864922584089695,0.013347570742124934,0.07421249332621463,124.03973509933775,69.40736785904964,14.407692307692308,Micro,2025-01,Strength / Training
2025-01-02,The Year of New Memories and Bigger Dreams,https://www.youtube.com/watch?v=QVJH2tOaK48,Isaiah’s Life,"Fitness,Baseball,Health","fitness,baseball,health,lifestyle,a day in the life",130,27.0,15100,美国,Sponsored,0.1914,1761,117,22,Major Fitness,0.06643952299829642,0.01249290176036343,0.07893242475865986,116.6225165562914,73.82169222032935,13.546153846153846,Micro,2025-01,Strength / Training
2025-01-02,FitXFearless is CLUELESS 🧠📉,https://www.youtube.com/shorts/YM7ODzljw4E,REVIVAL Fitness,"Health,Fitness","revivalfitness,religion,building,health,gym",1967,27.0,65400,美国,Suspected,0.1402,27190,1403,241,Major Fitness,0.05159985288709084,0.00886355277675616,0.060463405663847,415.7492354740061,72.34277307833763,13.82308083375699,Mid,2025-01,Strength / Training
2025-01-01,5 Obscure but Effective Biceps Exercises,https://www.youtube.com/watch?v=neAQLTvTLdg,Ben Barker Fitness,"Workout,Health","fitness,gym,workout,health,lifestyle",82,27.0,12100,美国,Suspected,0.2688,93,5,2,Major Fitness,0.053763440860215055,0.021505376344086023,0.07526881720430108,7.68595041322314,881.7204301075269,1.1341463414634145,Micro,2025-01,Strength / Training
2024-12-31,How A Home Gym Can Strengthen Your Daily Activities @major-fitness,https://www.youtube.com/shorts/49n8rP9vDRA,Spence Crosby,"Fitness,Health,Anime,Sports","fitness,taekwondo,martial arts,martialarts,health",107,27.0,57600,美国,Mentioned,0.0599,11205,601,7,Major Fitness,0.0536367692994199,0.0006247211066488174,0.054261490406068716,194.53125,9.549308344489067,104.7196261682243,Mid,2024-12,Home Gym / Garage Gym
2024-12-29,BARBELL COMPLEX to Square You Away 🔥,https://www.youtube.com/shorts/zsZ5ez1zJtk,Gritty Soldier,"Military,Workout,Health,Sports","military,fitness,workout,usarmy,soldiers",366,27.0,176000,美国,Suspected,0.014,5720,0,8,Major Fitness,0.0,0.0013986013986013986,0.0013986013986013986,32.5,63.98601398601399,15.628415300546449,Macro,2024-12,Strength / Training
2024-12-29,Hitting | Chest Workout | Deadlift With My Homies | A Day In The Life of a College Baseball Player,https://www.youtube.com/watch?v=5N-IgIFc8vk,Isaiah’s Life,"Fitness,Baseball,Health","fitness,baseball,health,lifestyle,a day in the life",130,27.0,15100,美国,Suspected,0.1412,1947,105,17,Major Fitness,0.053929121725731895,0.008731381612737545,0.06266050333846944,128.94039735099338,66.7693888032871,14.976923076923077,Micro,2024-12,Strength / Training
2024-12-28,New Ranger School RPA in 2025,https://www.youtube.com/watch?v=1Kvq5gvGN6U,Gritty Soldier,"Military,Workout,Health,Sports","military,fitness,workout,usarmy,soldiers",366,27.0,176000,美国,Suspected,0.0738,27017,843,115,Major Fitness,0.031202576155753784,0.004256579190879816,0.0354591553466336,153.5056818181818,13.547025946626198,73.81693989071039,Macro,2024-12,Strength / Training
2024-12-28,Never Lift Slow ON PURPOSE (Why Tempo Lifting is OVERRATED For Hypertrophy),https://www.youtube.com/watch?v=Xz1ezl2ndro,Enkiri Elite Fitness,"Fitness,Health,Sports,Entertainment","fitness,bodybuilding,health,workout,enkirielitefitness",497,27.0,67600,美国,Suspected,0.1699,11172,428,147,Major Fitness,0.03831006086645184,0.013157894736842105,0.05146795560329395,165.2662721893491,44.48621553884711,22.47887323943662,Mid,2024-12,Strength / Training
2024-12-28,#MajorFitness Warning You Need to Know About LEVER ARMS Right Now!,https://www.youtube.com/watch?v=4FFkztB8hLM,Aviator’s Garage,,,85,27.0,3730,美国,Sponsored,0.0414,652,7,2,Major Fitness,0.010736196319018405,0.003067484662576687,0.013803680981595092,174.79892761394103,130.3680981595092,7.670588235294118,Nano,2024-12,Strength / Training
2024-12-27,Honk for Reps | Fitness in the Streets,https://www.youtube.com/watch?v=zJwmrx3TV08,Ben Barker Fitness,"Workout,Health","fitness,gym,workout,health,lifestyle",82,27.0,12100,美国,Suspected,0.214,500,17,9,Major Fitness,0.034,0.018,0.052,41.32231404958678,164.0,6.097560975609756,Micro,2024-12,Strength / Training
2024-12-27,Infield Work | Late Deadlifts | A Day in The Life of a College Baseball Player,https://www.youtube.com/watch?v=Xcgkch0HFgo,Isaiah’s Life,"Fitness,Baseball,Health","fitness,baseball,health,lifestyle,a day in the life",130,27.0,15100,美国,Suspected,0.1797,3239,152,43,Major Fitness,0.04692806421735103,0.013275702377276937,0.06020376659462797,214.50331125827816,40.13584439641865,24.915384615384614,Micro,2024-12,Strength / Training
2024-12-25,Another MainGainer Bites the Dust (With Science!),https://www.youtube.com/watch?v=LExrHU4w15M,REVIVAL Fitness,"Health,Fitness","revivalfitness,religion,building,health,gym",1967,27.0,65400,美国,Suspected,0.3339,18609,784,543,Major Fitness,0.04213015207695201,0.02917942930839916,0.07130958138535118,284.5412844036697,105.70154226449567,9.460599898322318,Mid,2024-12,Strength / Training
2024-12-25,6 Exercises to Build the Glutes | Fitness for Dads,https://www.youtube.com/watch?v=Mez7Dzn8EmE,Ben Barker Fitness,"Workout,Health","fitness,gym,workout,health,lifestyle",82,27.0,12100,美国,Suspected,0.1508,484,23,5,Major Fitness,0.047520661157024795,0.010330578512396695,0.05785123966942149,40.0,169.42148760330576,5.902439024390244,Micro,2024-12,Strength / Training
2024-12-24,Why the B52 All-In-One Smith Machine is a MUST-HAVE.,https://www.youtube.com/shorts/qmLsu9GEvNE,MAJOR FITNESS,"Workout,Home,Health,Challenge","homegym,garagegym,fitness,workout,majorfitness",96,27.0,26000,美国,Suspected,0.0189,2536,48,0,Major Fitness,0.01892744479495268,0.0,0.01892744479495268,97.53846153846153,37.85488958990536,26.416666666666668,Micro,2024-12,Home Gym / Garage Gym
2024-12-24,A Home Gym That Brings In Health And Convenience In The New Year @major-fitness,https://www.youtube.com/shorts/EIC7CWQq10Y,Spence Crosby,"Fitness,Health,Anime,Sports","fitness,taekwondo,martial arts,martialarts,health",107,27.0,57600,美国,Mentioned,0.1208,1506,132,5,Major Fitness,0.08764940239043825,0.0033200531208499337,0.09096945551128818,26.145833333333332,71.04913678618858,14.074766355140186,Mid,2024-12,Home Gym / Garage Gym
2024-12-24,Defensive Work | Christmas Shopping | Leg Day | A Day in The Life of a College Baseball Player,https://www.youtube.com/watch?v=cOAjx8MtXUs,Isaiah’s Life,"Fitness,Baseball,Health","fitness,baseball,health,lifestyle,a day in the life",130,27.0,15100,美国,Suspected,0.194,1814,102,25,Major Fitness,0.05622932745314223,0.013781697905181918,0.07001102535832414,120.13245033112582,71.66482910694597,13.953846153846154,Micro,2024-12,Strength / Training
2024-12-23,3 Must-Try Cable Core Exercises,https://www.youtube.com/shorts/J1zZxXKjnUU,Gritty Soldier,"Military,Workout,Health,Sports","military,fitness,workout,usarmy,soldiers",366,27.0,176000,美国,Suspected,0.0731,2285,137,3,Major Fitness,0.059956236323851206,0.001312910284463895,0.061269146608315096,12.982954545454545,160.1750547045952,6.243169398907104,Macro,2024-12,Strength / Training
2024-12-21,CHRISTMAS PRESENT TO MYSELF! Major fitness smith machine,https://www.youtube.com/watch?v=uC-n4Ar9kOM,The Muscle Hustler,"Fitness,Health","fitness,workout,health,bodybuilding,lifestyle",142,27.0,5270,美国,Mentioned,0.0873,1077,34,6,Major Fitness,0.031569173630454965,0.005571030640668524,0.03714020427112349,204.36432637571158,131.8477251624884,7.584507042253521,Nano,2024-12,Strength / Training
2024-12-20,F22 by Major Fitness ftw - as an affiliate for this product I might make commissions.,https://www.youtube.com/shorts/PDDYYPN-HcE,Fizzness Shizzness,"Health,Fitness","ipamorelin,peptides,health,cjc1295,fitness",47,27.0,12500,美国,Mentioned,0.0151,398,6,0,Major Fitness,0.01507537688442211,0.0,0.01507537688442211,31.84,118.09045226130652,8.46808510638298,Micro,2024-12,Strength / Training
2024-12-20,HEAVY Squat Max Day | A Day in The Life of A College Baseball Player,https://www.youtube.com/watch?v=szzZHRcQQ6Y,Isaiah’s Life,"Fitness,Baseball,Health","fitness,baseball,health,lifestyle,a day in the life",130,27.0,15100,美国,Suspected,0.0859,4296,169,20,Major Fitness,0.039338919925512104,0.004655493482309125,0.04399441340782123,284.50331125827813,30.26070763500931,33.04615384615385,Micro,2024-12,Strength / Training
2024-12-20,Why Build a Home Gym? 3 Annoying Commercial Gym Problems & Easy Fixes!,https://www.youtube.com/watch?v=mFYg2Rbz470,Ben Barker Fitness,"Workout,Health","fitness,gym,workout,health,lifestyle",82,27.0,12100,美国,Suspected,0.0269,670,8,1,Major Fitness,0.011940298507462687,0.0014925373134328358,0.013432835820895522,55.37190082644628,122.38805970149254,8.170731707317072,Micro,2024-12,Home Gym / Garage Gym
2024-12-19,Installation Video of MAJOR FITNESS SML07 All-in-One Smith Machine (3D rendering),https://www.youtube.com/watch?v=sYAb5C0V1Q0,MAJOR FITNESS,"Workout,Home,Health,Challenge","homegym,garagegym,fitness,workout,majorfitness",96,27.0,26000,美国,Sponsored,0.0136,588,8,0,Major Fitness,0.013605442176870748,0.0,0.013605442176870748,22.615384615384617,163.26530612244898,6.125,Micro,2024-12,Home Gym / Garage Gym
2024-12-19,Installation Video of MAJOR FITNESS F22 All-in-One Power Rack (3D rendering),https://www.youtube.com/watch?v=2NVm3uCcX_M,MAJOR FITNESS,"Workout,Home,Health,Challenge","homegym,garagegym,fitness,workout,majorfitness",96,27.0,26000,美国,Sponsored,0.0057,697,4,0,Major Fitness,0.005738880918220947,0.0,0.005738880918220947,26.807692307692307,137.7331420373027,7.260416666666667,Micro,2024-12,Home Gym / Garage Gym
2024-12-18,7 Bumper Plate Exercises Every Dad Needs to Get Fit at Home | Simple & Effective Workout!,https://www.youtube.com/watch?v=xyPGHb2Nox8,Ben Barker Fitness,"Workout,Health","fitness,gym,workout,health,lifestyle",82,27.0,12100,美国,Suspected,0.1812,276,10,4,Major Fitness,0.036231884057971016,0.014492753623188406,0.050724637681159424,22.8099173553719,297.1014492753623,3.3658536585365852,Micro,2024-12,Strength / Training
2024-12-18,500 Pound Deadlift | Figuring My Life Out | A Day in The Life of a College Baseball Player,https://www.youtube.com/watch?v=qV85H8TRdCc,Isaiah’s Life,"Fitness,Baseball,Health","fitness,baseball,health,lifestyle,a day in the life",130,27.0,15100,美国,Sponsored,0.183,2459,130,32,Major Fitness,0.052867019113460756,0.013013420089467263,0.06588043920292802,162.8476821192053,52.867019113460756,18.915384615384614,Micro,2024-12,Strength / Training
2024-12-17,Feel the Home Gym Owner Vibe 💪,https://www.youtube.com/shorts/W0ciX8079EI,MAJOR FITNESS,"Workout,Home,Health,Challenge","homegym,garagegym,fitness,workout,majorfitness",96,27.0,26000,美国,Suspected,0.0166,1084,18,0,Major Fitness,0.016605166051660517,0.0,0.016605166051660517,41.69230769230769,88.56088560885608,11.291666666666666,Micro,2024-12,Home Gym / Garage Gym
2024-12-17,All-In-One Home Gym REVIEW | 6 Features You Didn't Know You Needed | Major Fitness Drone 2,https://www.youtube.com/watch?v=kLPd001QKzM,Challenge Theory,"Health,Fitness,Sports","diet,transformation,fasting,health,lose weight",138,27.0,13100,美国,Mentioned,0.071,4927,70,28,Major Fitness,0.014207428455449563,0.005682971382179825,0.01989039983762939,376.10687022900765,28.008930383600568,35.70289855072464,Micro,2024-12,Home Gym / Garage Gym
2024-12-16,Benefits of Using a Smith Machine,https://www.youtube.com/shorts/HZDh5y15a7g,Gritty Soldier,"Military,Workout,Health,Sports","military,fitness,workout,usarmy,soldiers",366,27.0,176000,美国,Suspected,0.0578,4947,246,4,Major Fitness,0.04972710733778047,0.0008085708510208206,0.050535678188801295,28.107954545454547,73.9842328684051,13.51639344262295,Macro,2024-12,Strength / Training
2024-12-16,Where My Feet Are | A Day in The Life of a College Baseball Player,https://www.youtube.com/watch?v=lGR0olQbBhg,Isaiah’s Life,"Fitness,Baseball,Health","fitness,baseball,health,lifestyle,a day in the life",130,27.0,15100,美国,Sponsored,0.1686,2752,144,32,Major Fitness,0.05232558139534884,0.011627906976744186,0.06395348837209303,182.2516556291391,47.23837209302326,21.16923076923077,Micro,2024-12,Strength / Training
2024-12-16,Thoughts while doing a chest workout pt. 2!,https://www.youtube.com/shorts/FoITw95mf90,Richard Gozon,,,81,27.0,164,美国,Mentioned,0.017,2112,16,2,Major Fitness,0.007575757575757576,0.000946969696969697,0.008522727272727272,12878.048780487805,38.35227272727273,26.074074074074073,Nano,2024-12,Strength / Training
2024-12-14,Why You’re Plateauing in the Gym (And How To BREAK THROUGH It!),https://www.youtube.com/watch?v=7T2aFhoRaIo,Enkiri Elite Fitness,"Fitness,Health,Sports,Entertainment","fitness,bodybuilding,health,workout,enkirielitefitness",497,27.0,67600,美国,Suspected,0.1157,6025,307,39,Major Fitness,0.05095435684647303,0.006473029045643153,0.057427385892116184,89.12721893491124,82.4896265560166,12.122736418511066,Mid,2024-12,Strength / Training
2024-12-14,"How to Increase Your Push-ups | Military,  Ranger School, Special Forces, ACFT, Airborne, etc.",https://www.youtube.com/watch?v=FeXQjPhqdiI,Gritty Soldier,"Military,Workout,Health,Sports","military,fitness,workout,usarmy,soldiers",366,27.0,176000,美国,Suspected,0.1568,12437,1150,80,Major Fitness,0.09246602878507679,0.006432419393744472,0.09889844817882126,70.66477272727273,29.42831872638096,33.98087431693989,Macro,2024-12,Strength / Training
2024-12-13,Defensive Drills | HEAVY Deadlifts | A Day in The Life of a College Baseball Player,https://www.youtube.com/watch?v=1vDEfo6dX0M,Isaiah’s Life,"Fitness,Baseball,Health","fitness,baseball,health,lifestyle,a day in the life",130,27.0,15100,美国,Suspected,0.1362,2607,135,22,Major Fitness,0.05178365937859609,0.008438818565400843,0.06022247794399693,172.64900662251657,49.865746068277716,20.053846153846155,Micro,2024-12,Strength / Training
2024-12-13,Build Your Home Gym in Minimal Space,https://www.youtube.com/shorts/Ymqx2bWXN7s,MAJOR FITNESS,"Workout,Home,Health,Challenge","homegym,garagegym,fitness,workout,majorfitness",96,27.0,26000,美国,Sponsored,0.0258,1046,27,0,Major Fitness,0.02581261950286807,0.0,0.02581261950286807,40.230769230769226,91.77820267686425,10.895833333333334,Micro,2024-12,Home Gym / Garage Gym
2024-12-13,When Home Gym Is Life! @major-fitness,https://www.youtube.com/shorts/X2sxQtZzYz8,Spence Crosby,"Fitness,Health,Anime,Sports","fitness,taekwondo,martial arts,martialarts,health",107,27.0,57600,美国,Mentioned,0.062,10289,478,16,Major Fitness,0.046457381669744384,0.0015550588006609,0.04801244047040529,178.62847222222223,10.399455729419769,96.1588785046729,Mid,2024-12,Home Gym / Garage Gym
2024-12-13,455 lbs (207 kg) RDL x 5 ♦️,https://www.youtube.com/shorts/9xN7zPGBii8,REVIVAL Fitness,"Health,Fitness","revivalfitness,religion,building,health,gym",1967,27.0,65400,美国,Suspected,0.1282,13026,500,117,Major Fitness,0.03838476892369108,0.008982035928143712,0.04736680485183479,199.1743119266055,151.00568094580072,6.622267412303,Mid,2024-12,Strength / Training
2024-12-13,Bench Press 1.5x Bodyweight: Dad Strength Challenge (Epic Gym Fail),https://www.youtube.com/watch?v=e_PL4x86olc,Ben Barker Fitness,"Workout,Health","fitness,gym,workout,health,lifestyle",82,27.0,12100,美国,Suspected,0.0728,687,10,4,Major Fitness,0.01455604075691412,0.005822416302765648,0.020378457059679767,56.776859504132226,119.35953420669577,8.378048780487806,Micro,2024-12,Strength / Training
2024-12-12,Major Fitness attachments (REVIEW),https://www.youtube.com/watch?v=wj2FMJjDTB8,Science Based Fitness,"Fitness,Health","fitness,health,lifestyle,science based fitness,gym",56,27.0,4360,美国,Mentioned,0.0791,3287,80,18,Major Fitness,0.024338302403407362,0.005476118040766657,0.029814420444174018,753.8990825688073,17.036811682385153,58.69642857142857,Nano,2024-12,Equipment Review
2024-12-11,The Impact Of A Home Gym On Daily Life @major-fitness,https://www.youtube.com/shorts/dZ4bs6PaOZY,Spence Crosby,"Fitness,Health,Anime,Sports","fitness,taekwondo,martial arts,martialarts,health",107,27.0,57600,美国,Mentioned,0.0676,7084,399,8,Major Fitness,0.05632411067193676,0.001129305477131564,0.05745341614906832,122.98611111111111,15.10446075663467,66.20560747663552,Mid,2024-12,Home Gym / Garage Gym
2024-12-10,19…But I Feel Confused | A Day in The Life of A College Baseball Player,https://www.youtube.com/watch?v=fVgQ1cihV7A,Isaiah’s Life,"Fitness,Baseball,Health","fitness,baseball,health,lifestyle,a day in the life",130,27.0,15100,美国,Suspected,0.1389,4392,180,43,Major Fitness,0.040983606557377046,0.009790528233151184,0.05077413479052823,290.86092715231786,29.59927140255009,33.784615384615385,Micro,2024-12,Strength / Training
2024-12-10,Old School Preacher Tricep Press,https://www.youtube.com/shorts/WFnn3Nvqxlc,MAJOR FITNESS,"Workout,Home,Health,Challenge","homegym,garagegym,fitness,workout,majorfitness",96,27.0,26000,美国,Sponsored,0.0561,1159,35,3,Major Fitness,0.030198446937014668,0.0025884383088869713,0.03278688524590164,44.57692307692307,82.83002588438308,12.072916666666666,Micro,2024-12,Home Gym / Garage Gym
2024-12-07,Major Fitness Warning You Need to Know About LEVER ARMS Right Now!,https://www.youtube.com/watch?v=LWSgKJlFBIU,Aviator’s Garage,,,85,27.0,3730,美国,Sponsored,0.1471,469,9,6,Major Fitness,0.019189765458422176,0.01279317697228145,0.031982942430703626,125.73726541554961,181.2366737739872,5.517647058823529,Nano,2024-12,Strength / Training
2024-12-07,Home Gym Is For Crushing The Records!,https://www.youtube.com/shorts/441bF2lQT3k,MAJOR FITNESS,"Workout,Home,Health,Challenge","homegym,garagegym,fitness,workout,majorfitness",96,27.0,26000,美国,Suspected,0.0355,817,19,1,Major Fitness,0.023255813953488372,0.0012239902080783353,0.02447980416156671,31.423076923076923,117.5030599755202,8.510416666666666,Micro,2024-12,Home Gym / Garage Gym
2024-12-07,"FREAKY NATTY BACK Vlog || 365x8 Deficit Stiff Leg Deadlift, ATG Pause Hatfield Squat, 1 Leg Sit-ups",https://www.youtube.com/watch?v=QtMV1xofKFQ,Enkiri Elite Fitness,"Fitness,Health,Sports,Entertainment","fitness,bodybuilding,health,workout,enkirielitefitness",497,27.0,67600,美国,Suspected,0.1886,3452,201,45,Major Fitness,0.05822711471610661,0.013035921205098494,0.0712630359212051,51.06508875739645,143.97450753186558,6.945674044265593,Mid,2024-12,Strength / Training
2024-12-06,Machine Swings | Chest Day | Deadlift PR | A Day in The Life of a College Baseball Player,https://www.youtube.com/watch?v=cMI_oYsoHJk,Isaiah’s Life,"Fitness,Baseball,Health","fitness,baseball,health,lifestyle,a day in the life",130,27.0,15100,美国,Suspected,0.2103,2392,133,37,Major Fitness,0.05560200668896321,0.015468227424749164,0.07107023411371237,158.41059602649008,54.34782608695652,18.4,Micro,2024-12,Strength / Training
2024-12-04,Major Fitness Spotter Arms Weight Capacity Test,https://www.youtube.com/watch?v=3rtpW_8aMYg,MAJOR FITNESS,"Workout,Home,Health,Challenge","homegym,garagegym,fitness,workout,majorfitness",96,27.0,26000,美国,Sponsored,0.01,600,6,0,Major Fitness,0.01,0.0,0.01,23.076923076923077,160.0,6.25,Micro,2024-12,Home Gym / Garage Gym
2024-12-03,Master A Perfect Squat,https://www.youtube.com/shorts/p8WHyVLl19w,MAJOR FITNESS,"Workout,Home,Health,Challenge","homegym,garagegym,fitness,workout,majorfitness",96,27.0,26000,美国,Sponsored,0.0397,7801,230,8,Major Fitness,0.029483399564158443,0.001025509550057685,0.030508909114216127,300.03846153846155,12.306114600692219,81.26041666666667,Micro,2024-12,Home Gym / Garage Gym
2024-12-03,19 Years Old and Training Hard | A Day in The Life of a College Baseball Player,https://www.youtube.com/watch?v=UvGVllfHsro,Isaiah’s Life,"Fitness,Baseball,Health","fitness,baseball,health,lifestyle,a day in the life",130,27.0,15100,美国,Sponsored,0.1714,3034,150,37,Major Fitness,0.049439683586025046,0.012195121951219513,0.06163480553724456,200.9271523178808,42.847725774555045,23.338461538461537,Micro,2024-12,Strength / Training
2024-12-01,Embracing Bad Training Days | A Day in the Life of a College Baseball Player,https://www.youtube.com/watch?v=ljANwFST1cQ,Isaiah’s Life,"Fitness,Baseball,Health","fitness,baseball,health,lifestyle,a day in the life",130,27.0,15100,美国,Suspected,0.1765,2516,124,32,Major Fitness,0.0492845786963434,0.012718600953895072,0.06200317965023847,166.6225165562914,51.669316375198726,19.353846153846153,Micro,2024-12,Strength / Training
2024-11-30,MAJOR FITNESS Drone2 Smith Machine Review | The Ultimate All-in-One Home Gym Solution!,https://www.youtube.com/watch?v=7vzpbGMJxpI,The Review Depot,,,47,27.0,369,美国,Mentioned,0.0,205,0,0,Major Fitness,0.0,0.0,0.0,555.5555555555555,229.26829268292684,4.361702127659575,Nano,2024-11,Home Gym / Garage Gym
2024-11-30,Grow Your Legs with Major Fitness F22,https://www.youtube.com/shorts/6iEziSvTrQw,MAJOR FITNESS,"Workout,Home,Health,Challenge","homegym,garagegym,fitness,workout,majorfitness",96,27.0,26000,美国,Sponsored,0.0263,1333,25,1,Major Fitness,0.018754688672168042,0.0007501875468867217,0.019504876219054765,51.26923076923077,72.01800450112528,13.885416666666666,Micro,2024-11,Home Gym / Garage Gym
2024-11-29,Your Sets Should Look Like THIS (Arm Day Vlog),https://www.youtube.com/watch?v=-ALkrQ359-U,REVIVAL Fitness,"Health,Fitness","revivalfitness,religion,building,health,gym",1967,27.0,65400,美国,Suspected,0.2106,10468,445,176,Major Fitness,0.04251050821551395,0.016813144822315627,0.05932365303782958,160.06116207951072,187.90599923576616,5.32180986273513,Mid,2024-11,Strength / Training
2024-11-28,How to Sissy Squat Leg Exercise Tutorial,https://www.youtube.com/watch?v=_XJsPOaNtlM,Ben Barker Fitness,"Workout,Health","fitness,gym,workout,health,lifestyle",82,27.0,12100,美国,Suspected,0.9167,48,4,4,Major Fitness,0.08333333333333333,0.08333333333333333,0.16666666666666666,3.9669421487603307,1708.3333333333333,0.5853658536585366,Micro,2024-11,Strength / Training
2024-11-28,I’m a Juco Baseball Player Training For Spring | A Day In The Life,https://www.youtube.com/watch?v=vQVZGuaG0QU,Isaiah’s Life,"Fitness,Baseball,Health","fitness,baseball,health,lifestyle,a day in the life",130,27.0,15100,美国,Suspected,0.1732,2754,137,34,Major Fitness,0.04974582425562818,0.012345679012345678,0.06209150326797386,182.38410596026492,47.204066811909954,21.184615384615384,Micro,2024-11,Strength / Training
2024-11-27,"Thank You, From Me - Happy Thanksgiving",https://www.youtube.com/watch?v=rWvqLrU-tbA,MAJOR FITNESS,"Workout,Home,Health,Challenge","homegym,garagegym,fitness,workout,majorfitness",96,27.0,26000,美国,Sponsored,0.0,92,0,0,Major Fitness,0.0,0.0,0.0,3.5384615384615383,1043.4782608695652,0.9583333333333334,Micro,2024-11,Home Gym / Garage Gym
2024-11-27,"EPIC NATTY DELTS Vlog || 160x10 Swiss Overhead Press, Epic Thick Rope Chins, Big Lu Raises",https://www.youtube.com/watch?v=ouDa4GtxPCY,Enkiri Elite Fitness,"Fitness,Health,Sports,Entertainment","fitness,bodybuilding,health,workout,enkirielitefitness",497,27.0,67600,美国,Suspected,0.2178,4027,237,64,Major Fitness,0.058852743978147506,0.015892724112242365,0.07474546809038987,59.57100591715976,123.4169356841321,8.10261569416499,Mid,2024-11,Strength / Training
2024-11-27,Everything You Need Is In This Home Gym @major-fitness,https://www.youtube.com/shorts/HQk16kyK7NI,Spence Crosby,"Fitness,Health,Anime,Sports","fitness,taekwondo,martial arts,martialarts,health",107,27.0,57600,美国,Mentioned,0.0667,1184,69,1,Major Fitness,0.05827702702702703,0.0008445945945945946,0.05912162162162162,20.555555555555557,90.37162162162163,11.065420560747663,Mid,2024-11,Home Gym / Garage Gym
2024-11-27,DRONE 2 review - Major Fitness,https://www.youtube.com/watch?v=gmSEeIum1Vo,Science Based Fitness,"Fitness,Health","fitness,health,lifestyle,science based fitness,gym",56,27.0,4360,美国,Mentioned,0.1107,3179,32,32,Major Fitness,0.010066058508965083,0.010066058508965083,0.020132117017930166,729.1284403669724,17.615602390688895,56.767857142857146,Nano,2024-11,Equipment Review
2024-11-27,New Arrival: Desert Color,https://www.youtube.com/watch?v=zucakzRFnwo,MAJOR FITNESS,"Workout,Home,Health,Challenge","homegym,garagegym,fitness,workout,majorfitness",96,27.0,26000,美国,Suspected,0.0744,309,3,2,Major Fitness,0.009708737864077669,0.006472491909385114,0.016181229773462782,11.884615384615383,310.6796116504854,3.21875,Micro,2024-11,Home Gym / Garage Gym
2024-11-26,The FASTEST Way to Grow Your Weak Body Parts,https://www.youtube.com/watch?v=NweuT0ZBPKY,REVIVAL Fitness,"Health,Fitness","revivalfitness,religion,building,health,gym",1967,27.0,65400,美国,Suspected,0.2427,7816,387,151,Major Fitness,0.04951381780962129,0.019319344933469807,0.06883316274309109,119.51070336391437,251.66325486182188,3.9735638027452973,Mid,2024-11,Equipment Review
2024-11-25,How I Train Myself In The Off-Season | A Day in The Life of A College Baseball Player,https://www.youtube.com/watch?v=pVUIIL8brBo,Isaiah’s Life,"Fitness,Baseball,Health","fitness,baseball,health,lifestyle,a day in the life",130,27.0,15100,美国,Suspected,0.1313,3168,146,27,Major Fitness,0.046085858585858584,0.008522727272727272,0.054608585858585856,209.80132450331126,41.035353535353536,24.369230769230768,Micro,2024-11,Strength / Training
2024-11-25,Strength Training for Rucking Improvement,https://www.youtube.com/shorts/t8o2SxJgPM8,Gritty Soldier,"Military,Workout,Health,Sports","military,fitness,workout,usarmy,soldiers",366,27.0,176000,美国,Suspected,0.1394,17281,2069,34,Major Fitness,0.11972686765812164,0.001967478733869568,0.1216943463919912,98.1875,21.179329899890053,47.21584699453552,Macro,2024-11,Strength / Training
2024-11-25,Quick Garage Gym Transformation 🔥🔥,https://www.youtube.com/shorts/okxpx5ZVA30,MAJOR FITNESS,"Workout,Home,Health,Challenge","homegym,garagegym,fitness,workout,majorfitness",96,27.0,26000,美国,Sponsored,0.0309,1101,24,1,Major Fitness,0.021798365122615803,0.0009082652134423251,0.022706630336058128,42.34615384615385,87.19346049046321,11.46875,Micro,2024-11,Home Gym / Garage Gym
2024-11-23,✨ Save Big. Train Bigger. ✨,https://www.youtube.com/shorts/OhUkUONFAqI,MAJOR FITNESS,"Workout,Home,Health,Challenge","homegym,garagegym,fitness,workout,majorfitness",96,27.0,26000,美国,Sponsored,0.083,723,20,4,Major Fitness,0.027662517289073305,0.005532503457814661,0.03319502074688797,27.807692307692307,132.78008298755188,7.53125,Micro,2024-11,Home Gym / Garage Gym
2024-11-23,This DANGEROUS Lift Will Turn You Into a BEHEMOTH (and Bulletproof Your Back Too),https://www.youtube.com/watch?v=VindHWk6Ipo,Enkiri Elite Fitness,"Fitness,Health,Sports,Entertainment","fitness,bodybuilding,health,workout,enkirielitefitness",497,27.0,67600,美国,Suspected,0.3257,5806,501,139,Major Fitness,0.08629004478126076,0.0239407509472959,0.11023079572855667,85.88757396449705,85.60110230795728,11.682092555331993,Mid,2024-11,Strength / Training
2024-11-22,Check Out This Major Transformations! Share Yours!,https://www.youtube.com/shorts/QSotLXa9efQ,MAJOR FITNESS,"Workout,Home,Health,Challenge","homegym,garagegym,fitness,workout,majorfitness",96,27.0,26000,美国,Sponsored,0.0319,282,9,0,Major Fitness,0.031914893617021274,0.0,0.031914893617021274,10.846153846153845,340.4255319148936,2.9375,Micro,2024-11,Home Gym / Garage Gym
2024-11-21,Training Routine To Build This Off-Season  | A Day in The Life of A College Baseball Player,https://www.youtube.com/watch?v=QkJrFu8DMb8,Isaiah’s Life,"Fitness,Baseball,Health","fitness,baseball,health,lifestyle,a day in the life",130,27.0,15100,美国,Suspected,0.1563,3384,169,36,Major Fitness,0.04994089834515367,0.010638297872340425,0.06057919621749409,224.10596026490066,38.4160756501182,26.03076923076923,Micro,2024-11,Strength / Training
2024-11-20,The Best Home Gym Setup For Building Muscle @major-fitness,https://www.youtube.com/shorts/CgSideCjj4o,Spence Crosby,"Fitness,Health,Anime,Sports","fitness,taekwondo,martial arts,martialarts,health",107,27.0,57600,美国,Mentioned,0.0683,1727,88,3,Major Fitness,0.050955414012738856,0.0017371163867979154,0.052692530399536766,29.98263888888889,61.95715112912565,16.14018691588785,Mid,2024-11,Home Gym / Garage Gym
2024-11-20,Fit Dad Christmas Gift Guide: Garage Gym,https://www.youtube.com/watch?v=i7WYxVkVTR0,Ben Barker Fitness,"Workout,Health","fitness,gym,workout,health,lifestyle",82,27.0,12100,美国,Suspected,0.2136,323,9,6,Major Fitness,0.02786377708978328,0.018575851393188854,0.04643962848297214,26.694214876033058,253.86996904024767,3.9390243902439024,Micro,2024-11,Home Gym / Garage Gym
2024-11-20,Three MUST DO Mobility Exercises,https://www.youtube.com/shorts/bP5XsioAc2A,MAJOR FITNESS,"Workout,Home,Health,Challenge","homegym,garagegym,fitness,workout,majorfitness",96,27.0,26000,美国,Sponsored,0.018,2667,48,0,Major Fitness,0.01799775028121485,0.0,0.01799775028121485,102.57692307692308,35.9955005624297,27.78125,Micro,2024-11,Home Gym / Garage Gym
2024-11-19,Swing Hard and Lift Heavy | A Day in The Life of a College Baseball Player,https://www.youtube.com/watch?v=kzxy1Q69ooM,Isaiah’s Life,"Fitness,Baseball,Health","fitness,baseball,health,lifestyle,a day in the life",130,27.0,15100,美国,Suspected,0.1366,5184,238,47,Major Fitness,0.045910493827160496,0.009066358024691358,0.05497685185185185,343.31125827814566,25.07716049382716,39.87692307692308,Micro,2024-11,Strength / Training
2024-11-18,Mix Your Grip to Grow Your Back,https://www.youtube.com/shorts/1w4BgGMlFeo,MAJOR FITNESS,"Workout,Home,Health,Challenge","homegym,garagegym,fitness,workout,majorfitness",96,27.0,26000,美国,Sponsored,0.0307,1139,35,0,Major Fitness,0.030728709394205442,0.0,0.030728709394205442,43.80769230769231,84.28446005267779,11.864583333333334,Micro,2024-11,Home Gym / Garage Gym
2024-11-16,20 Minute Lower Body Stretching Routine | Guided Flexibility Session for Legs & Hips,https://www.youtube.com/watch?v=tUBpG7IPZjE,Gritty Soldier,"Military,Workout,Health,Sports","military,fitness,workout,usarmy,soldiers",366,27.0,176000,美国,Suspected,0.1479,2555,228,15,Major Fitness,0.08923679060665363,0.005870841487279843,0.09510763209393347,14.517045454545455,143.24853228962817,6.98087431693989,Macro,2024-11,Strength / Training
2024-11-16,Gyms are Closing…,https://www.youtube.com/shorts/WIWMjIvDFek,Gritty Soldier,"Military,Workout,Health,Sports","military,fitness,workout,usarmy,soldiers",366,27.0,176000,美国,Suspected,0.0772,10539,634,18,Major Fitness,0.06015751020020875,0.0017079419299743809,0.06186545213018313,59.88068181818182,34.728152576145746,28.795081967213115,Macro,2024-11,Strength / Training
2024-11-15,Redefine Your Home Gym with Unmatched Versatility,https://www.youtube.com/shorts/unh-j0M-YUQ,MAJOR FITNESS,"Workout,Home,Health,Challenge","homegym,garagegym,fitness,workout,majorfitness",96,27.0,26000,美国,Sponsored,0.0272,734,20,0,Major Fitness,0.027247956403269755,0.0,0.027247956403269755,28.23076923076923,130.7901907356948,7.645833333333333,Micro,2024-11,Home Gym / Garage Gym
2024-11-15,The Off-Season Is Here | A Day In The Life of a College Baseball Player,https://www.youtube.com/watch?v=V0P4mh6GCJU,Isaiah’s Life,"Fitness,Baseball,Health","fitness,baseball,health,lifestyle,a day in the life",130,27.0,15100,美国,Suspected,0.1811,4351,208,58,Major Fitness,0.047805102275339004,0.0133302689037003,0.0611353711790393,288.1456953642384,29.878188922086874,33.46923076923077,Micro,2024-11,Strength / Training
2024-11-15,Aluminum pulleys over nylon pulleys for your home gym! Ft. the Major Fitness B52!  #homegym,https://www.youtube.com/shorts/jde4ywWDE7k,Luke’s Garage Gym,"Workout,Home,Travel,Health","fitness,budget,gym,gymequipment,titan",99,27.0,5500,美国,Mentioned,0.0275,4480,43,8,Major Fitness,0.009598214285714286,0.0017857142857142857,0.011383928571428571,814.5454545454546,22.09821428571429,45.25252525252525,Nano,2024-11,Home Gym / Garage Gym
2024-11-14,Major Fitness F22 Power Cage Overview | Worth It or What? #ad,https://www.youtube.com/watch?v=qvvKLCvxohg,Fizzness Shizzness,"Health,Fitness","ipamorelin,peptides,health,cjc1295,fitness",47,27.0,12500,美国,Sponsored,0.0415,2650,30,8,Major Fitness,0.011320754716981131,0.0030188679245283017,0.014339622641509434,212.0,17.735849056603776,56.38297872340426,Micro,2024-11,Strength / Training
2024-11-14,Full-Body Cables Strength Workout 🏋️‍♂️,https://www.youtube.com/shorts/SCiKS76bX7s,Gritty Soldier,"Military,Workout,Health,Sports","military,fitness,workout,usarmy,soldiers",366,27.0,176000,美国,Suspected,0.0677,5506,323,5,Major Fitness,0.0586632764257174,0.0009081002542680712,0.05957137667998547,31.284090909090907,66.47293861242282,15.043715846994536,Macro,2024-11,Strength / Training
2024-11-14,FULL-BODY Cables Only Workout | Major Fitness Spirit B52,https://www.youtube.com/watch?v=3cJpnh1Mq98,Gritty Soldier,"Military,Workout,Health,Sports","military,fitness,workout,usarmy,soldiers",366,27.0,176000,美国,Sponsored,0.124,1508,77,11,Major Fitness,0.05106100795755968,0.007294429708222812,0.058355437665782495,8.568181818181818,242.7055702917772,4.120218579234972,Macro,2024-11,Strength / Training
2024-11-13,"UPGRADE Your Major Fitness Rack With Versatile Attachments Like Aluminum Pulleys, Weight Stacks, Etc",https://www.youtube.com/watch?v=L6sOAzTRrn4,Luke’s Garage Gym,"Workout,Home,Travel,Health","fitness,budget,gym,gymequipment,titan",99,27.0,5500,美国,Sponsored,0.2413,3207,74,70,Major Fitness,0.02307452447770502,0.02182725288431556,0.04490177736202058,583.0909090909091,30.86997193638915,32.39393939393939,Nano,2024-11,Equipment Review
2024-11-13,Lifting Weights With My 3 Year Old Son @major-fitness,https://www.youtube.com/shorts/fl2uBhy84d4,Spence Crosby,"Fitness,Health,Anime,Sports","fitness,taekwondo,martial arts,martialarts,health",107,27.0,57600,美国,Mentioned,0.0545,6805,291,8,Major Fitness,0.04276267450404115,0.0011756061719324026,0.04393828067597355,118.14236111111111,15.723732549595887,63.598130841121495,Mid,2024-11,Strength / Training
2024-11-12,How a Generation of Lifters Were Brainwashed - Physique Inflation,https://www.youtube.com/watch?v=dnh-qt1yChA,REVIVAL Fitness,"Health,Fitness","revivalfitness,religion,building,health,gym",1967,27.0,65400,美国,Suspected,0.2495,21746,1076,435,Major Fitness,0.04948036420491125,0.020003678837487354,0.06948404304239861,332.5076452599388,90.45341672031638,11.055414336553127,Mid,2024-11,Strength / Training
2024-11-12,The End Of The Fall Season | A Day in The Life of a College Baseball Player,https://www.youtube.com/watch?v=mhf-FmzhDtY,Isaiah’s Life,"Fitness,Baseball,Health","fitness,baseball,health,lifestyle,a day in the life",130,27.0,15100,美国,Suspected,0.1023,7416,299,46,Major Fitness,0.04031823085221144,0.006202804746494067,0.046521035598705504,491.12582781456956,17.529665587918018,57.04615384615385,Micro,2024-11,Strength / Training
2024-11-11,🏋️ Three Powerful Squat Variations for Home Gym! 🔥🔥🔥,https://www.youtube.com/shorts/k52Vyc_fW6w,MAJOR FITNESS,"Workout,Home,Health,Challenge","homegym,garagegym,fitness,workout,majorfitness",96,27.0,26000,美国,Suspected,0.0412,6777,279,0,Major Fitness,0.041168658698539175,0.0,0.041168658698539175,260.6538461538462,14.16555998229305,70.59375,Micro,2024-11,Home Gym / Garage Gym
2024-11-11,Mikolo M4 All-in-One Smith Machine Review,https://www.youtube.com/watch?v=Aqq6o2Bvqsc,Design. Build. Lift.,"Fitness,Health,DIY","fitness,health,diy,gym,diy fitness club",51,27.0,12900,美国,Suspected,0.0905,13959,193,107,Major Fitness,0.013826205315567018,0.007665305537645963,0.02149151085321298,1082.093023255814,3.653556845046207,273.70588235294116,Micro,2024-11,Equipment Review
2024-11-10,Doing What Helped Me Get Here | A Day in The Life of a College Baseball Player,https://www.youtube.com/watch?v=Oy0j4ZZuTMc,Isaiah’s Life,"Fitness,Baseball,Health","fitness,baseball,health,lifestyle,a day in the life",130,27.0,15100,美国,Suspected,0.1709,4265,189,54,Major Fitness,0.044314185228604926,0.012661195779601406,0.05697538100820633,282.4503311258278,30.48065650644783,32.80769230769231,Micro,2024-11,Strength / Training
2024-11-10,"""Science Based"" Anti-Bulker HUMILIATES Herself in Debate",https://www.youtube.com/watch?v=0n0qBVa3nuk,REVIVAL Fitness,"Health,Fitness","revivalfitness,religion,building,health,gym",1967,27.0,65400,美国,Suspected,0.4241,17709,831,668,Major Fitness,0.04692529222429273,0.037720932858998246,0.08464622508329098,270.7798165137615,111.07346546953526,9.003050330452465,Mid,2024-11,Strength / Training
2024-11-09,Why You Should Do BEHIND THE NECK Presses (CAPPED NATTY DELTS!),https://www.youtube.com/watch?v=3s17QjC4_qA,Enkiri Elite Fitness,"Fitness,Health,Sports,Entertainment","fitness,bodybuilding,health,workout,enkirielitefitness",497,27.0,67600,美国,Suspected,0.0131,294287,1479,238,Major Fitness,0.005025706198370978,0.0008087343307723412,0.005834440529143319,4353.357988165681,1.6888275730834186,592.1267605633802,Mid,2024-11,Strength / Training
2024-11-08,Top 50 Exercises for Dads to Build Muscle and Fitness,https://www.youtube.com/watch?v=_xEnDAKLpwc,Ben Barker Fitness,"Workout,Health","fitness,gym,workout,health,lifestyle",82,27.0,12100,美国,Suspected,0.7462,130,7,9,Major Fitness,0.05384615384615385,0.06923076923076923,0.12307692307692308,10.743801652892563,630.7692307692307,1.5853658536585367,Micro,2024-11,Strength / Training
2024-11-08,Midweek Game | Gear Haul | A Day in The Life of a College Baseball Player,https://www.youtube.com/watch?v=o37NA8gJFSE,Isaiah’s Life,"Fitness,Baseball,Health","fitness,baseball,health,lifestyle,a day in the life",130,27.0,15100,美国,Suspected,0.0714,18555,495,83,Major Fitness,0.02667744543249798,0.00447318781999461,0.03115063325249259,1228.8079470198677,7.006197790353005,142.73076923076923,Micro,2024-11,Strength / Training
2024-11-08,Building A Home Gym is So EASY!,https://www.youtube.com/shorts/ajOrkgLfU3o,MAJOR FITNESS,"Workout,Home,Health,Challenge","homegym,garagegym,fitness,workout,majorfitness",96,27.0,26000,美国,Suspected,0.0111,2785,31,0,Major Fitness,0.011131059245960502,0.0,0.011131059245960502,107.11538461538461,34.47037701974865,29.010416666666668,Micro,2024-11,Home Gym / Garage Gym
2024-11-07,Tone Up with the BEST Full Body Workout at Home Gym,https://www.youtube.com/shorts/0rQRkWGmHpU,MAJOR FITNESS,"Workout,Home,Health,Challenge","homegym,garagegym,fitness,workout,majorfitness",96,27.0,26000,美国,Sponsored,0.0438,776,14,2,Major Fitness,0.01804123711340206,0.002577319587628866,0.020618556701030927,29.846153846153847,123.71134020618557,8.083333333333334,Micro,2024-11,Home Gym / Garage Gym
2024-11-07,"The ""How Much Ya Front Squat?"" Vlog || 405 Front Squat, 315x10 Deficit RDL, Power Snatch, & Sprints",https://www.youtube.com/watch?v=9gwRnGcpSsY,Enkiri Elite Fitness,"Fitness,Health,Sports,Entertainment","fitness,bodybuilding,health,workout,enkirielitefitness",497,27.0,67600,美国,Suspected,0.1776,3468,216,40,Major Fitness,0.06228373702422145,0.011534025374855825,0.07381776239907728,51.30177514792899,143.31026528258363,6.977867203219316,Mid,2024-11,Strength / Training
2024-11-06,"Election Choices, 5 Post Power Racks, Steadfast Lifting Drama, Bremmy Spotters, New,  RX3 vs. Ares",https://www.youtube.com/watch?v=q8BB7lESlTY,Garage Gym Radio,"Fitness,Health","fitness,health,garage gym radio,lifestyle,garage gym experiment",100,27.0,4160,美国,Mentioned,0.3273,1097,39,32,Major Fitness,0.03555150410209663,0.02917046490428441,0.06472196900638104,263.7019230769231,91.15770282588878,10.97,Nano,2024-11,Home Gym / Garage Gym
2024-11-06,What Can Happen To You If You Don't Train Safely @major-fitness,https://www.youtube.com/shorts/INc3BzRKWc8,Spence Crosby,"Fitness,Health,Anime,Sports","fitness,taekwondo,martial arts,martialarts,health",107,27.0,57600,美国,Mentioned,0.0254,5229,83,5,Major Fitness,0.015873015873015872,0.0009562057754828839,0.016829221648498757,90.78125,20.462803595333714,48.86915887850467,Mid,2024-11,Strength / Training
2024-11-05,I've Been Living a LIE - Science Confirms Bulking is USELESS,https://www.youtube.com/watch?v=HLhP3lWZWzw,REVIVAL Fitness,"Health,Fitness","revivalfitness,religion,building,health,gym",1967,27.0,65400,美国,Suspected,0.2438,16049,712,320,Major Fitness,0.044364134837061496,0.0199389370054209,0.06430307184248239,245.39755351681958,122.5621534051966,8.15912557193696,Mid,2024-11,Strength / Training
2024-11-05,New Glove | Defensive Routines | Gameday | A Day in The Life of a College Baseball Player,https://www.youtube.com/watch?v=KC4BE8KHV4I,Isaiah’s Life,"Fitness,Baseball,Health","fitness,baseball,health,lifestyle,a day in the life",130,27.0,15100,美国,Suspected,0.1037,7434,261,51,Major Fitness,0.035108958837772396,0.006860371267150928,0.041969330104923326,492.31788079470203,17.487220877051385,57.184615384615384,Micro,2024-11,Strength / Training
2024-11-05,Best Exercises for Ranger School Prep,https://www.youtube.com/shorts/VRdhIDSYZuQ,Gritty Soldier,"Military,Workout,Health,Sports","military,fitness,workout,usarmy,soldiers",366,27.0,176000,美国,Suspected,0.0045,122184,0,55,Major Fitness,0.0,0.00045014077129575065,0.00045014077129575065,694.2272727272727,2.9954822235317224,333.8360655737705,Macro,2024-11,Strength / Training
2024-11-04,Do These to Get For Your First Pull Up,https://www.youtube.com/shorts/YkjqpDS9vYI,MAJOR FITNESS,"Workout,Home,Health,Challenge","homegym,garagegym,fitness,workout,majorfitness",96,27.0,26000,美国,Sponsored,0.0269,3906,95,1,Major Fitness,0.024321556579621095,0.0002560163850486431,0.02457757296466974,150.23076923076923,24.577572964669738,40.6875,Micro,2024-11,Home Gym / Garage Gym
2024-11-03,Why Alex Eubank FAILED His Bulk 🍽️,https://www.youtube.com/shorts/2fy8ctYZ40g,REVIVAL Fitness,"Health,Fitness","revivalfitness,religion,building,health,gym",1967,27.0,65400,美国,Suspected,0.0682,18469,649,61,Major Fitness,0.03513996426444312,0.0033028317721587523,0.038442796036601876,282.40061162079513,106.50278845633224,9.389425521098119,Mid,2024-11,Strength / Training
2024-11-02,Why You Should Do DELOAD Push-ups (3 Key Benefits You've NEVER HEARD!),https://www.youtube.com/watch?v=c2l5OuBbzqo,Enkiri Elite Fitness,"Fitness,Health,Sports,Entertainment","fitness,bodybuilding,health,workout,enkirielitefitness",497,27.0,67600,美国,Suspected,0.0296,26927,277,52,Major Fitness,0.010287072455156534,0.0019311471756972556,0.01221821963085379,398.3284023668639,18.457310506183383,54.17907444668008,Mid,2024-11,Strength / Training
2024-11-02,The NEW Compact Smith Machine Drone 2 All-In-One Functional Trainer,https://www.youtube.com/watch?v=RQqLA8QD3ps,MAJOR FITNESS,"Workout,Home,Health,Challenge","homegym,garagegym,fitness,workout,majorfitness",96,27.0,26000,美国,Sponsored,0.1388,2334,24,30,Major Fitness,0.010282776349614395,0.012853470437017995,0.02313624678663239,89.76923076923077,41.13110539845758,24.3125,Micro,2024-11,Home Gym / Garage Gym
2024-11-02,Check out these common mistakes you might be making,https://www.youtube.com/shorts/hZwjRilQvF8,MAJOR FITNESS,"Workout,Home,Health,Challenge","homegym,garagegym,fitness,workout,majorfitness",96,27.0,26000,美国,Sponsored,0.0089,671,6,0,Major Fitness,0.00894187779433681,0.0,0.00894187779433681,25.80769230769231,143.07004470938898,6.989583333333333,Micro,2024-11,Home Gym / Garage Gym
2024-11-02,Grinding Through JUCO | A Day In The Life of a College Baseball Player,https://www.youtube.com/watch?v=oHbtzs6U-z8,Isaiah’s Life,"Fitness,Baseball,Health","fitness,baseball,health,lifestyle,a day in the life",130,27.0,15100,美国,Suspected,0.1159,5566,215,43,Major Fitness,0.03862738052461372,0.007725476104922745,0.04635285662953647,368.6092715231788,23.35609054976644,42.815384615384616,Micro,2024-11,Strength / Training
2024-11-01,New Release | Drone 2 All-In-One Smith Machine Installation Video,https://www.youtube.com/watch?v=t18VhavWAMI,MAJOR FITNESS,"Workout,Home,Health,Challenge","homegym,garagegym,fitness,workout,majorfitness",96,27.0,26000,美国,Suspected,0.0443,1785,19,6,Major Fitness,0.010644257703081233,0.0033613445378151263,0.014005602240896359,68.65384615384615,53.78151260504202,18.59375,Micro,2024-11,Home Gym / Garage Gym
2024-10-31,Halloween Pumpkin Squat in Garage Gym,https://www.youtube.com/shorts/46IIBQkOCsc,MAJOR FITNESS,"Workout,Home,Health,Challenge","homegym,garagegym,fitness,workout,majorfitness",96,27.0,26000,美国,Sponsored,0.0156,1410,22,0,Major Fitness,0.015602836879432624,0.0,0.015602836879432624,54.230769230769226,68.08510638297872,14.6875,Micro,2024-10,Home Gym / Garage Gym
2024-10-31,Bulking to Hit The Ball Harder | A Day in The Life of a College Baseball Player,https://www.youtube.com/watch?v=uzX1CUa6BUQ,Isaiah’s Life,"Fitness,Baseball,Health","fitness,baseball,health,lifestyle,a day in the life",130,27.0,15100,美国,Suspected,0.0482,14862,407,31,Major Fitness,0.027385277889920602,0.0020858565468981293,0.029471134436818733,984.2384105960265,8.747140357959898,114.32307692307693,Micro,2024-10,Strength / Training
2024-10-31,Best RitFit M1 Pro Smith Machine with Cable Crossover System Review,https://www.youtube.com/watch?v=8yi4n-ZObUY,Arts3D,,,17,27.0,590,美国,Mentioned,0.0556,18,1,0,Major Fitness,0.05555555555555555,0.0,0.05555555555555555,30.508474576271187,944.4444444444445,1.0588235294117647,Nano,2024-10,Equipment Review
2024-10-30,Alex Eubank Goes on Gear Because He Won't BULK,https://www.youtube.com/watch?v=yFTWIGBSP2I,REVIVAL Fitness,"Health,Fitness","revivalfitness,religion,building,health,gym",1967,27.0,65400,美国,Suspected,0.272,26492,916,629,Major Fitness,0.03457647591725804,0.023743016759776536,0.058319492677034575,405.0764525993884,74.24882983542201,13.468225724453482,Mid,2024-10,Strength / Training
2024-10-30,RitFit Leg Extension Curl Machine Review: the Best Leg Extension Leg Curl Machine for Home Gyms?,https://www.youtube.com/watch?v=nZtYbG9_R7A,Luke’s Garage Gym,"Workout,Home,Travel,Health","fitness,budget,gym,gymequipment,titan",99,27.0,5500,美国,Mentioned,0.2047,3967,142,67,Major Fitness,0.035795311318376606,0.01688933703050164,0.052684648348878246,721.2727272727273,24.955886059994956,40.07070707070707,Nano,2024-10,Home Gym / Garage Gym
2024-10-29,Time Crunch Bodyweight Workout | Fitness for Soldiers,https://www.youtube.com/watch?v=I5CXFBorenA,Gritty Soldier,"Military,Workout,Health,Sports","military,fitness,workout,usarmy,soldiers",366,27.0,176000,美国,Suspected,0.1415,6417,498,41,Major Fitness,0.07760635811126694,0.00638927847904005,0.083995636590307,36.46022727272727,57.035998129967275,17.5327868852459,Macro,2024-10,Strength / Training
2024-10-28,Thriving Through Hard Times | A Day in The Life of a College Baseball Player,https://www.youtube.com/watch?v=1fSxGZSok_M,Isaiah’s Life,"Fitness,Baseball,Health","fitness,baseball,health,lifestyle,a day in the life",130,27.0,15100,美国,Suspected,0.1119,5113,242,33,Major Fitness,0.0473303344416194,0.006454136514766282,0.05378447095638569,338.60927152317885,25.425386270291416,39.33076923076923,Micro,2024-10,Strength / Training
2024-10-28,My Thoughts: Army Future Soldier Prep Course (Army Fat Camp),https://www.youtube.com/watch?v=V0E7cChrfxE,Gritty Soldier,"Military,Workout,Health,Sports","military,fitness,workout,usarmy,soldiers",366,27.0,176000,美国,Suspected,0.1901,13055,592,189,Major Fitness,0.04534661049406358,0.014477211796246649,0.059823822290310226,74.17613636363636,28.035235541937954,35.669398907103826,Macro,2024-10,Strength / Training
2024-10-28,Achieve a Heavier Bench Press with Guidance from a Military Fitness Trainer,https://www.youtube.com/shorts/9WKE0ejaldc,MAJOR FITNESS,"Workout,Home,Health,Challenge","homegym,garagegym,fitness,workout,majorfitness",96,27.0,26000,美国,Sponsored,0.0227,838,19,0,Major Fitness,0.022673031026252982,0.0,0.022673031026252982,32.230769230769226,114.55847255369929,8.729166666666666,Micro,2024-10,Home Gym / Garage Gym
2024-10-28,Full Body Workout Right From Home! @major-fitness,https://www.youtube.com/shorts/IK7GUG-0Ofc,Spence Crosby,"Fitness,Health,Anime,Sports","fitness,taekwondo,martial arts,martialarts,health",107,27.0,57600,美国,Mentioned,0.0846,804,38,3,Major Fitness,0.0472636815920398,0.0037313432835820895,0.05099502487562189,13.958333333333332,133.08457711442787,7.514018691588785,Mid,2024-10,Strength / Training
2024-10-27,Slap a Bar on Your Head…. 🤕,https://www.youtube.com/shorts/muINNQQFgDU,Gritty Soldier,"Military,Workout,Health,Sports","military,fitness,workout,usarmy,soldiers",366,27.0,176000,美国,Suspected,0.0642,17920,740,41,Major Fitness,0.041294642857142856,0.0022879464285714287,0.043582589285714284,101.81818181818183,20.424107142857142,48.96174863387978,Macro,2024-10,Strength / Training
2024-10-26,Mike Israetel - NO IDEA How to Attract Women (Full Reaction),https://www.youtube.com/watch?v=xd3-GJ6a8as,REVIVAL Fitness,"Health,Fitness","revivalfitness,religion,building,health,gym",1967,27.0,65400,美国,Suspected,0.3176,21290,702,606,Major Fitness,0.03297322686707374,0.028464067637388447,0.06143729450446219,325.53516819571865,92.39079379990606,10.823589222165735,Mid,2024-10,Strength / Training
2024-10-25,What Real Training Versatility At Home Looks Like!,https://www.youtube.com/shorts/UmieKOvhfCQ,Spence Crosby,"Fitness,Health,Anime,Sports","fitness,taekwondo,martial arts,martialarts,health",107,27.0,57600,美国,Mentioned,0.0645,1691,59,5,Major Fitness,0.03489059727971614,0.0029568302779420462,0.03784742755765819,29.35763888888889,63.27616794795979,15.80373831775701,Mid,2024-10,Strength / Training
2024-10-25,The BEST leg day workout using just a landmine!,https://www.youtube.com/shorts/HZaJ4j8mXN8,MAJOR FITNESS,"Workout,Home,Health,Challenge","homegym,garagegym,fitness,workout,majorfitness",96,27.0,26000,美国,Suspected,0.0239,753,18,0,Major Fitness,0.02390438247011952,0.0,0.02390438247011952,28.961538461538463,127.49003984063745,7.84375,Micro,2024-10,Home Gym / Garage Gym
2024-10-24,Someone Has to Say It... Jeff Nippard & Mike Van Wyck,https://www.youtube.com/watch?v=VfBCG3lF7vw,REVIVAL Fitness,"Health,Fitness","revivalfitness,religion,building,health,gym",1967,27.0,65400,美国,Suspected,0.4245,18684,722,721,Major Fitness,0.038642688931706276,0.03858916720188396,0.07723185613359024,285.6880733944954,105.27724256047956,9.49872902897814,Mid,2024-10,Strength / Training
2024-10-24,Experience a seamless home workout with the B52 Smith Machine!,https://www.youtube.com/shorts/T0-ag4XBuJA,MAJOR FITNESS,"Workout,Home,Health,Challenge","homegym,garagegym,fitness,workout,majorfitness",96,27.0,26000,美国,Mentioned,0.0342,1639,26,3,Major Fitness,0.01586333129957291,0.0018303843807199512,0.017693715680292862,63.03846153846154,58.572300183038436,17.072916666666668,Micro,2024-10,Home Gym / Garage Gym
2024-10-23,Do These Exercises To Improve Your Kicks #martialarts #homegym #fitness,https://www.youtube.com/shorts/0dy-VU9FDjg,Spence Crosby,"Fitness,Health,Anime,Sports","fitness,taekwondo,martial arts,martialarts,health",107,27.0,57600,美国,Mentioned,0.0728,1539,102,1,Major Fitness,0.06627680311890838,0.000649772579597141,0.06692657569850552,26.71875,69.52566601689408,14.383177570093459,Mid,2024-10,Home Gym / Garage Gym
2024-10-23,Update: NO CHANGE to Army PT Uniforms…,https://www.youtube.com/watch?v=QcqmQezEfcw,Gritty Soldier,"Military,Workout,Health,Sports","military,fitness,workout,usarmy,soldiers",366,27.0,176000,美国,Suspected,0.0949,11467,348,74,Major Fitness,0.030347955001308102,0.006453300776140229,0.03680125577744833,65.1534090909091,31.917676811720593,31.330601092896174,Macro,2024-10,Strength / Training
2024-10-23,HUGE Sale with Major Fitness With Their B52 and Other Home Gym Equipment! #majorfitness,https://www.youtube.com/shorts/FUpCPgACnZU,Luke’s Garage Gym,"Workout,Home,Travel,Health","fitness,budget,gym,gymequipment,titan",99,27.0,5500,美国,Mentioned,0.0064,21155,106,3,Major Fitness,0.005010635783502718,0.0001418104467029071,0.005152446230205625,3846.363636363636,4.679744741195935,213.68686868686868,Nano,2024-10,Home Gym / Garage Gym
2024-10-22,Spirit B52 Home Gym System 👍,https://www.youtube.com/shorts/pGg0l7IPA6c,Gritty Soldier,"Military,Workout,Health,Sports","military,fitness,workout,usarmy,soldiers",366,27.0,176000,美国,Suspected,0.0499,8801,319,12,Major Fitness,0.03624588114986933,0.0013634814225656176,0.037609362572434954,50.00568181818182,41.586183388251335,24.046448087431695,Macro,2024-10,Home Gym / Garage Gym
2024-10-21,Full Weekend Of Games | A Day in The Life Of A College Baseball Player,https://www.youtube.com/watch?v=DY9hVwiZnaY,Isaiah’s Life,"Fitness,Baseball,Health","fitness,baseball,health,lifestyle,a day in the life",130,27.0,15100,美国,Suspected,0.1119,6732,253,50,Major Fitness,0.03758169934640523,0.0074272133095662505,0.04500891265597148,445.82781456953643,19.31075460487225,51.784615384615385,Micro,2024-10,Strength / Training
2024-10-21,Versatility To Take Your Workout to Next Level!,https://www.youtube.com/shorts/aruOeAF6oM4,MAJOR FITNESS,"Workout,Home,Health,Challenge","homegym,garagegym,fitness,workout,majorfitness",96,27.0,26000,美国,Sponsored,0.0141,851,12,0,Major Fitness,0.01410105757931845,0.0,0.01410105757931845,32.730769230769226,112.8084606345476,8.864583333333334,Micro,2024-10,Home Gym / Garage Gym
2024-10-21,Improve your Bench Press like this,https://www.youtube.com/shorts/3ofjC5emAp0,Gritty Soldier,"Military,Workout,Health,Sports","military,fitness,workout,usarmy,soldiers",366,27.0,176000,美国,Suspected,0.0722,8292,479,12,Major Fitness,0.057766521948866376,0.001447178002894356,0.059213699951760734,47.11363636363637,44.138929088277855,22.65573770491803,Macro,2024-10,Strength / Training
2024-10-20,"You May Not Like It, But THIS is the Ideal Male Body",https://www.youtube.com/watch?v=VDyChHqWoPY,REVIVAL Fitness,"Health,Fitness","revivalfitness,religion,building,health,gym",1967,27.0,65400,美国,Suspected,0.353,16636,642,523,Major Fitness,0.03859100745371483,0.031437845635970185,0.07002885308968503,254.3730886850153,118.23755710507334,8.457549567869853,Mid,2024-10,Strength / Training
2024-10-19,Why I STOPPED Wearing Knee Sleeves...and then STARTED Again! (My Knee Pain Story),https://www.youtube.com/watch?v=Rj90Y_kjJE0,Enkiri Elite Fitness,"Fitness,Health,Sports,Entertainment","fitness,bodybuilding,health,workout,enkirielitefitness",497,27.0,67600,美国,Suspected,0.0501,21200,263,80,Major Fitness,0.01240566037735849,0.0037735849056603774,0.016179245283018867,313.6094674556213,23.443396226415093,42.65593561368209,Mid,2024-10,Strength / Training
2024-10-18,Learning More | A Day in The Life Of A JUCO Baseball Player,https://www.youtube.com/watch?v=YwZsewAmw0E,Isaiah’s Life,"Fitness,Baseball,Health","fitness,baseball,health,lifestyle,a day in the life",130,27.0,15100,美国,Suspected,0.1745,3382,160,43,Major Fitness,0.04730928444707274,0.0127143701951508,0.060023654642223534,223.97350993377484,38.438793613246595,26.015384615384615,Micro,2024-10,Strength / Training
2024-10-17,Military Preparation Workout | 12-Week Fitness Plan,https://www.youtube.com/watch?v=GLyrnL3jmaU,Gritty Soldier,"Military,Workout,Health,Sports","military,fitness,workout,usarmy,soldiers",366,27.0,176000,美国,Suspected,0.1505,3356,255,25,Major Fitness,0.07598331346841478,0.007449344457687724,0.08343265792610251,19.068181818181817,109.05840286054827,9.169398907103826,Macro,2024-10,Strength / Training
2024-10-17,🎃 Time To Give Your Home Gym A Spooky Makeover! 👻💪,https://www.youtube.com/shorts/6DlET8zYwMU,MAJOR FITNESS,"Workout,Home,Health,Challenge","homegym,garagegym,fitness,workout,majorfitness",96,27.0,26000,美国,Sponsored,0.0304,626,19,0,Major Fitness,0.03035143769968051,0.0,0.03035143769968051,24.076923076923077,153.3546325878594,6.520833333333333,Micro,2024-10,Home Gym / Garage Gym
2024-10-17,New US Army PT Uniform in 2025,https://www.youtube.com/watch?v=Aw-IdcurG_M,Gritty Soldier,"Military,Workout,Health,Sports","military,fitness,workout,usarmy,soldiers",366,27.0,176000,美国,Suspected,0.1455,31868,948,369,Major Fitness,0.029747709300866072,0.011579013430400402,0.041326722731266474,181.0681818181818,11.48487510982804,87.07103825136612,Macro,2024-10,Strength / Training
2024-10-17,Can’t Stand the Crowds at the Gym? Start a Home Gym! ft. @major-fitness  B52 #homegym #homefitness,https://www.youtube.com/shorts/f7cUsej1fWc,Luke’s Garage Gym,"Workout,Home,Travel,Health","fitness,budget,gym,gymequipment,titan",99,27.0,5500,美国,Sponsored,0.0555,1118,32,3,Major Fitness,0.028622540250447227,0.0026833631484794273,0.03130590339892665,203.27272727272728,88.5509838998211,11.292929292929292,Nano,2024-10,Home Gym / Garage Gym
2024-10-16,RITFIT SPORTS Power Rack Review || My Experience with the M1 Smith Machine 2.0 (ALL-IN-ONE Home Gym),https://www.youtube.com/watch?v=suk_Ipv-8lI,Enkiri Elite Fitness,"Fitness,Health,Sports,Entertainment","fitness,bodybuilding,health,workout,enkirielitefitness",497,27.0,67600,美国,Suspected,0.0254,17528,136,31,Major Fitness,0.007759014148790507,0.001768598813327248,0.009527612962117755,259.28994082840234,28.354632587859424,35.267605633802816,Mid,2024-10,Home Gym / Garage Gym
2024-10-15,"✊ Pro Tips 101: Different Grips, Different Gains!",https://www.youtube.com/shorts/SHLi-hlMh8Y,MAJOR FITNESS,"Workout,Home,Health,Challenge","homegym,garagegym,fitness,workout,majorfitness",96,27.0,26000,美国,Sponsored,0.0189,28845,505,4,Major Fitness,0.01750736696134512,0.00013867221355520887,0.01764603917490033,1109.423076923077,3.328133125325013,300.46875,Micro,2024-10,Home Gym / Garage Gym
2024-10-14,Stronger Legs For Every Generation!🦵,https://www.youtube.com/shorts/TIdqus5bWtQ,MAJOR FITNESS,"Workout,Home,Health,Challenge","homegym,garagegym,fitness,workout,majorfitness",96,27.0,26000,美国,Sponsored,0.0182,716,13,0,Major Fitness,0.018156424581005588,0.0,0.018156424581005588,27.53846153846154,134.0782122905028,7.458333333333333,Micro,2024-10,Home Gym / Garage Gym
2024-10-14,Winter Arc | A Day in the Life of a College Baseball Player,https://www.youtube.com/watch?v=wlkz9CpoGFg,Isaiah’s Life,"Fitness,Baseball,Health","fitness,baseball,health,lifestyle,a day in the life",130,27.0,15100,美国,Suspected,0.1531,4651,202,51,Major Fitness,0.043431520103203614,0.010965383788432596,0.054396903891636206,308.0132450331126,27.950978284239948,35.776923076923076,Micro,2024-10,Strength / Training
2024-10-13,10-MINUTE KETTLEBELL STRENGTH WORKOUT (FULL BODY),https://www.youtube.com/watch?v=5KgFeHpKnpA,Gritty Soldier,"Military,Workout,Health,Sports","military,fitness,workout,usarmy,soldiers",366,27.0,176000,美国,Suspected,0.1393,3403,314,16,Major Fitness,0.0922715251248898,0.0047017337643255955,0.0969732588892154,19.33522727272727,107.55215985894799,9.297814207650273,Macro,2024-10,Strength / Training
2024-10-12,It's OVER for LeanBeefPattycels (Workout Reaction),https://www.youtube.com/watch?v=70SqmiDIC78,REVIVAL Fitness,"Health,Fitness","revivalfitness,religion,building,health,gym",1967,27.0,65400,美国,Suspected,0.2004,32660,1154,539,Major Fitness,0.03533374157991427,0.016503368034292712,0.05183710961420698,499.388379204893,60.22657685241886,16.603965429588204,Mid,2024-10,Strength / Training
2024-10-11,My Final Test to Go Pro Without College Football…,https://www.youtube.com/watch?v=_iv2PN8R4gM,Kamtoofyee,"Sports,VLOG","sports,footballvlogger,greatness,ilovefootballandjesus,football",3820,27.0,88200,美国,Suspected,0.0299,56285,1002,68,Major Fitness,0.017802256373811852,0.0012081371591010038,0.019010393532912853,638.1519274376417,67.86888158479168,14.734293193717278,Mid,2024-10,Equipment Review
2024-10-11,How To Have Confidence On The Field | A Day in The Life of A College Baseball Player,https://www.youtube.com/watch?v=w1e8uROAuNo,Isaiah’s Life,"Fitness,Baseball,Health","fitness,baseball,health,lifestyle,a day in the life",130,27.0,15100,美国,Suspected,0.1707,2760,181,29,Major Fitness,0.06557971014492754,0.010507246376811594,0.07608695652173914,182.7814569536424,47.10144927536232,21.23076923076923,Micro,2024-10,Strength / Training
2024-10-10,Weight Stack Sets To Take Your Workout To The Next Level!,https://www.youtube.com/shorts/e6-HZRSx-KE,MAJOR FITNESS,"Workout,Home,Health,Challenge","homegym,garagegym,fitness,workout,majorfitness",96,27.0,26000,美国,Sponsored,0.0576,608,15,2,Major Fitness,0.024671052631578948,0.003289473684210526,0.027960526315789474,23.384615384615387,157.89473684210526,6.333333333333333,Micro,2024-10,Home Gym / Garage Gym
2024-10-09,How to Break Training Plateaus,https://www.youtube.com/shorts/UqO48I39-10,Gritty Soldier,"Military,Workout,Health,Sports","military,fitness,workout,usarmy,soldiers",366,27.0,176000,美国,Suspected,0.0122,8220,0,10,Major Fitness,0.0,0.0012165450121654502,0.0012165450121654502,46.70454545454546,44.52554744525548,22.459016393442624,Macro,2024-10,Strength / Training
2024-10-09,Unboxing to Installation video of Smith B52,https://www.youtube.com/shorts/tqO2VJk4LS4,MAJOR FITNESS,"Workout,Home,Health,Challenge","homegym,garagegym,fitness,workout,majorfitness",96,27.0,26000,美国,Sponsored,0.0155,774,12,0,Major Fitness,0.015503875968992248,0.0,0.015503875968992248,29.76923076923077,124.03100775193798,8.0625,Micro,2024-10,Home Gym / Garage Gym
2024-10-09,Ritfit M1 2.0 Smith Machine: Best Budget All-in-One Smith Machine With New Upgrades!,https://www.youtube.com/watch?v=uG1jMWxidH0,Luke’s Garage Gym,"Workout,Home,Travel,Health","fitness,budget,gym,gymequipment,titan",99,27.0,5500,美国,Mentioned,0.1526,3893,74,52,Major Fitness,0.019008476753146673,0.013357307988697662,0.03236578474184434,707.8181818181818,25.43025944002055,39.323232323232325,Nano,2024-10,Equipment Review
2024-10-08,Major Fitness home gym #workhard #consistency #offseason,https://www.youtube.com/shorts/Tla3yx0O-m8,Case.Baseball,"Baseball,Fun","baseball,sports,workhard,braves,havefun",191,27.0,14200,美国,Mentioned,0.0452,1084,49,0,Major Fitness,0.045202952029520294,0.0,0.045202952029520294,76.33802816901408,176.19926199261994,5.675392670157068,Micro,2024-10,Home Gym / Garage Gym
2024-10-08,Pushing Through A Tough Week | A Day In The Life Of A College Baseball Player,https://www.youtube.com/watch?v=sDfQT0uaaCE,Isaiah’s Life,"Fitness,Baseball,Health","fitness,baseball,health,lifestyle,a day in the life",130,27.0,15100,美国,Suspected,0.1098,4835,231,30,Major Fitness,0.04777662874870734,0.0062047569803516025,0.053981385729058945,320.19867549668874,26.88728024819028,37.19230769230769,Micro,2024-10,Strength / Training
2024-10-08,Family Fitness To Strengthen Relationship,https://www.youtube.com/shorts/-OFEDVUUF38,MAJOR FITNESS,"Workout,Home,Health,Challenge","homegym,garagegym,fitness,workout,majorfitness",96,27.0,26000,美国,Sponsored,0.0066,5181,34,0,Major Fitness,0.006562439683458792,0.0,0.006562439683458792,199.26923076923077,18.529241459177765,53.96875,Micro,2024-10,Home Gym / Garage Gym
2024-10-07,Chest Day With ASMR,https://www.youtube.com/shorts/B9OK2gWDsbY,MAJOR FITNESS,"Workout,Home,Health,Challenge","homegym,garagegym,fitness,workout,majorfitness",96,27.0,26000,美国,Sponsored,0.0255,1097,18,1,Major Fitness,0.016408386508659983,0.0009115770282588879,0.01731996353691887,42.19230769230769,87.51139471285325,11.427083333333334,Micro,2024-10,Home Gym / Garage Gym
2024-10-06,Avoid Injuries While Running with a Weighted Vest,https://www.youtube.com/watch?v=T-bkwE1WTcc,Gritty Soldier,"Military,Workout,Health,Sports","military,fitness,workout,usarmy,soldiers",366,27.0,176000,美国,Suspected,0.1448,2984,212,22,Major Fitness,0.07104557640750671,0.007372654155495978,0.07841823056300268,16.954545454545453,122.65415549597856,8.153005464480874,Macro,2024-10,Strength / Training
2024-10-06,Increase Your ACFT Score with this Workout,https://www.youtube.com/watch?v=U6heszg550Y,Gritty Soldier,"Military,Workout,Health,Sports","military,fitness,workout,usarmy,soldiers",366,27.0,176000,美国,Suspected,0.1581,6590,472,57,Major Fitness,0.07162367223065251,0.008649468892261002,0.0802731411229135,37.44318181818182,55.53869499241275,18.005464480874316,Macro,2024-10,Strength / Training
2024-10-05,I wanna get jacked while doing almost NOTHING! (Why Your Base is the Most Important Thing of All),https://www.youtube.com/watch?v=_iIvclAGKEo,Enkiri Elite Fitness,"Fitness,Health,Sports,Entertainment","fitness,bodybuilding,health,workout,enkirielitefitness",497,27.0,67600,美国,Suspected,0.0936,24409,885,140,Major Fitness,0.03625711827604572,0.005735589331803843,0.041992707607849566,361.07988165680473,20.361342127903644,49.11267605633803,Mid,2024-10,Strength / Training
2024-10-05,420 Blaze It 🌬️ (191 kg x 6 RDL),https://www.youtube.com/shorts/HFchc4WEnFM,REVIVAL Fitness,"Health,Fitness","revivalfitness,religion,building,health,gym",1967,27.0,65400,美国,Suspected,0.1272,11615,557,92,Major Fitness,0.04795523030563926,0.007920792079207921,0.05587602238484718,177.5993883792049,169.34997847610848,5.90493136756482,Mid,2024-10,Strength / Training
2024-10-05,Game Day Weekend as a College Baseball Player | A Day in the Life,https://www.youtube.com/watch?v=RTF8mKaakPI,Isaiah’s Life,"Fitness,Baseball,Health","fitness,baseball,health,lifestyle,a day in the life",130,27.0,15100,美国,Suspected,0.0637,9253,289,30,Major Fitness,0.031233113584783312,0.0032421917216038042,0.034475305306387115,612.7814569536424,14.04949746028315,71.17692307692307,Micro,2024-10,Strength / Training
2024-10-04,"STOP Bench Pressing, or Pay the Price (You've Been Warned)",https://www.youtube.com/watch?v=gicj6evY44w,REVIVAL Fitness,"Health,Fitness","revivalfitness,religion,building,health,gym",1967,27.0,65400,美国,Suspected,0.2358,25862,958,514,Major Fitness,0.037042765447374525,0.01987471966591911,0.056917485113293635,395.44342507645257,76.05753615342974,13.147941026944586,Mid,2024-10,Strength / Training
2024-10-04,Show Us Your Home Gym and Win Gifts!,https://www.youtube.com/shorts/YclSIzneJUU,MAJOR FITNESS,"Workout,Home,Health,Challenge","homegym,garagegym,fitness,workout,majorfitness",96,27.0,26000,美国,Sponsored,0.0486,144,7,0,Major Fitness,0.04861111111111111,0.0,0.04861111111111111,5.538461538461538,666.6666666666666,1.5,Micro,2024-10,Home Gym / Garage Gym
2024-10-03,Tone Your Hip Flexors in 10 Minutes a Day for Insane Athletic Performance,https://www.youtube.com/shorts/xYmrT6a9sUM,MAJOR FITNESS,"Workout,Home,Health,Challenge","homegym,garagegym,fitness,workout,majorfitness",96,27.0,26000,美国,Sponsored,0.0424,637,27,0,Major Fitness,0.0423861852433281,0.0,0.0423861852433281,24.5,150.70643642072213,6.635416666666667,Micro,2024-10,Home Gym / Garage Gym
2024-10-02,What I Eat as A College Baseball Player | A Day In The Life,https://www.youtube.com/watch?v=AN--qzM1SA0,Isaiah’s Life,"Fitness,Baseball,Health","fitness,baseball,health,lifestyle,a day in the life",130,27.0,15100,美国,Suspected,0.0853,4066,177,17,Major Fitness,0.04353172651254304,0.004181013280865716,0.04771273979340875,269.2715231788079,31.972454500737825,31.276923076923076,Micro,2024-10,Strength / Training
2024-10-02,Want STRONGER Knees? Do these today!,https://www.youtube.com/shorts/HlVJJys3ix4,MAJOR FITNESS,"Workout,Home,Health,Challenge","homegym,garagegym,fitness,workout,majorfitness",96,27.0,26000,美国,Sponsored,0.0118,591,7,0,Major Fitness,0.011844331641285956,0.0,0.011844331641285956,22.73076923076923,162.43654822335023,6.15625,Micro,2024-10,Home Gym / Garage Gym
2024-10-02,You're Going to Be Okay - Charlie Waters Shares How He Lost 43lbs After Being Cheated On,https://www.youtube.com/watch?v=yj8zQNzUWfs,NQR Media,"Society,Knowledge,Health","society,knowledge,podcast,business,health",31,27.0,33600,美国,Mentioned,1.2857,42,4,5,Major Fitness,0.09523809523809523,0.11904761904761904,0.21428571428571427,1.25,738.0952380952382,1.3548387096774193,Micro,2024-10,Health / Nutrition
2024-10-02,You're Going to Be Okay - Charlie Waters Shares How He Lost 43lbs After Being Cheated On,https://www.youtube.com/watch?v=boYzXeC9Hbc,NQR Media,"Society,Knowledge,Health","society,knowledge,podcast,business,health",31,27.0,33600,美国,Mentioned,0.2523,107,7,2,Major Fitness,0.06542056074766354,0.018691588785046728,0.08411214953271028,3.1845238095238093,289.7196261682243,3.4516129032258065,Micro,2024-10,Health / Nutrition
2024-10-02,Best Jobs for Gym Bros (Part 2) 💰,https://www.youtube.com/shorts/eGYngXu0lk8,REVIVAL Fitness,"Health,Fitness","revivalfitness,religion,building,health,gym",1967,27.0,65400,美国,Suspected,0.0926,11670,561,52,Major Fitness,0.0480719794344473,0.004455869751499571,0.05252784918594687,178.44036697247705,168.55184233076264,5.932892730045755,Mid,2024-10,Strength / Training
2024-10-01,30 Minute Barbell Strength Workout | Build Muscle Fast,https://www.youtube.com/watch?v=Ht2yllZRlf0,Gritty Soldier,"Military,Workout,Health,Sports","military,fitness,workout,usarmy,soldiers",366,27.0,176000,美国,Suspected,0.033,2725,0,9,Major Fitness,0.0,0.0033027522935779817,0.0033027522935779817,15.482954545454547,134.3119266055046,7.445355191256831,Macro,2024-10,Strength / Training
2024-10-01,Tone Up Faster with the Obliques Training Trick,https://www.youtube.com/shorts/LvmXgN2PVOA,MAJOR FITNESS,"Workout,Home,Health,Challenge","homegym,garagegym,fitness,workout,majorfitness",96,27.0,26000,美国,Sponsored,0.0211,616,13,0,Major Fitness,0.021103896103896104,0.0,0.021103896103896104,23.692307692307693,155.84415584415584,6.416666666666667,Micro,2024-10,Home Gym / Garage Gym
2024-10-01,Major Fitness Drone Review: The Cheapest Amazon Power Rack and Functional Trainer...,https://www.youtube.com/watch?v=thuJN0UbC0o,TheJungleGymReviews,,,54,27.0,3670,美国,Mentioned,0.1095,6877,133,62,Major Fitness,0.01933982841355242,0.009015559110077068,0.02835538752362949,1873.841961852861,7.852261160389705,127.35185185185185,Nano,2024-10,Equipment Review
2024-09-30,Dad work with the Major Fitness F22 Power Rack #ad,https://www.youtube.com/shorts/qaBBq08O6uU,Fizzness Shizzness,"Health,Fitness","ipamorelin,peptides,health,cjc1295,fitness",47,27.0,12500,美国,Suspected,0.0147,1425,11,1,Major Fitness,0.0077192982456140355,0.0007017543859649122,0.008421052631578947,114.0,32.98245614035088,30.319148936170212,Micro,2024-09,Strength / Training
2024-09-30,Defense With Teammates | Q&A | A Day in the Life of a College Baseball Player,https://www.youtube.com/watch?v=1f31WBbFRcM,Isaiah’s Life,"Fitness,Baseball,Health","fitness,baseball,health,lifestyle,a day in the life",130,27.0,15100,美国,Suspected,0.1405,2983,159,26,Major Fitness,0.053302044921220246,0.008716057660073752,0.062018102581294,197.5496688741722,43.58028830036876,22.946153846153845,Micro,2024-09,Strength / Training
2024-09-30,Doing dad work with the Major Fitness F22 Oower Rack #ad,https://www.youtube.com/shorts/eE7WrCLdoU0,Fizzness Shizzness,"Health,Fitness","ipamorelin,peptides,health,cjc1295,fitness",47,27.0,12500,美国,Suspected,0.0,0,0,0,Major Fitness,,,,0.0,,0.0,Micro,2024-09,Strength / Training
2024-09-30,Like Father Like Son!,https://www.youtube.com/shorts/yzZb8_Y4U6E,MAJOR FITNESS,"Workout,Home,Health,Challenge","homegym,garagegym,fitness,workout,majorfitness",96,27.0,26000,美国,Sponsored,0.0217,52156,1132,0,Major Fitness,0.021704118413988803,0.0,0.021704118413988803,2005.9999999999998,1.8406319503029374,543.2916666666666,Micro,2024-09,Home Gym / Garage Gym
2024-09-30,RitFit M1 2 0 Review! *10+ changes and upgrades*,https://www.youtube.com/watch?v=Yb-S7h-7qEM,Joey Suggs,"Food,Fitness,Health","food,fitness,health,fulldayofeating,r2r",171,27.0,66000,美国,Mentioned,0.047,12857,244,36,Major Fitness,0.01897798864431827,0.002800031111456794,0.021778019755775063,194.8030303030303,13.300147779419772,75.18713450292398,Mid,2024-09,Equipment Review
2024-09-29,Installation Video of Drone 1 Power Rack (Rendering),https://www.youtube.com/watch?v=IITB7nNgdNY,MAJOR FITNESS,"Workout,Home,Health,Challenge","homegym,garagegym,fitness,workout,majorfitness",96,27.0,26000,美国,Sponsored,0.128,375,8,4,Major Fitness,0.021333333333333333,0.010666666666666666,0.032,14.423076923076923,256.0,3.90625,Micro,2024-09,Home Gym / Garage Gym
2024-09-29,Are the Tren Twins INSANE? 5000 Calorie Bulk Review,https://www.youtube.com/watch?v=ZflKi7_MqEw,REVIVAL Fitness,"Health,Fitness","revivalfitness,religion,building,health,gym",1967,27.0,65400,美国,Suspected,0.302,12031,573,306,Major Fitness,0.04762696367716732,0.025434294738591972,0.07306125841575929,183.96024464831802,163.4943063751974,6.1164209456024405,Mid,2024-09,Equipment Review
2024-09-29,10 Minute Cardio Workout | NO EQUIPMENT | Burn Calories FAST,https://www.youtube.com/watch?v=Wr7_tQoNge8,Gritty Soldier,"Military,Workout,Health,Sports","military,fitness,workout,usarmy,soldiers",366,27.0,176000,美国,Suspected,0.1709,2188,174,20,Major Fitness,0.07952468007312614,0.009140767824497258,0.0886654478976234,12.431818181818182,167.27605118829982,5.978142076502732,Macro,2024-09,Equipment Review
2024-09-29,the TRUTH about trying to do it all in your 20s in new york city (busy days in my life living alone),https://www.youtube.com/watch?v=tn2FWtqYi0w,lucia cordaro,"VLOG,Food,Life Style,Fashion","chicago,vlog,chicagovlog,chicago vlog,marketing",190,27.0,23700,美国,Mentioned,0.1565,4576,276,44,Major Fitness,0.06031468531468531,0.009615384615384616,0.06993006993006994,193.0801687763713,41.52097902097903,24.08421052631579,Micro,2024-09,Lifestyle / Vlog
2024-09-27,5 Shocking Ways Yoga Can Improves Mental Health w. Dean Pohlman,https://www.youtube.com/watch?v=usYFQUFCA38,The Dad Edge,"Health,Entertainment,Society,Kids","parenting,health,entertainment,father,fatherhood",37,27.0,14200,美国,Mentioned,0.1079,139,5,1,Major Fitness,0.03597122302158273,0.007194244604316547,0.04316546762589928,9.788732394366198,266.18705035971226,3.7567567567567566,Micro,2024-09,Health / Nutrition
2024-09-27,Weight Set Exercises On Rainy Days,https://www.youtube.com/shorts/0LZMwUg17yg,MAJOR FITNESS,"Workout,Home,Health,Challenge","homegym,garagegym,fitness,workout,majorfitness",96,27.0,26000,美国,Sponsored,0.0141,3767,53,0,Major Fitness,0.014069551367135651,0.0,0.014069551367135651,144.8846153846154,25.48447040084948,39.239583333333336,Micro,2024-09,Home Gym / Garage Gym
2024-09-27,What If You Gave it Your All | A Day in The Life of a College Baseball Player,https://www.youtube.com/watch?v=4B-DcMt5Tcg,Isaiah’s Life,"Fitness,Baseball,Health","fitness,baseball,health,lifestyle,a day in the life",130,27.0,15100,美国,Suspected,0.1826,4599,220,62,Major Fitness,0.047836486192650574,0.013481191563383343,0.06131767775603392,304.56953642384104,28.26701456838443,35.37692307692308,Micro,2024-09,Strength / Training
2024-09-27,"Push Pull Legs is DEAD, Brah! (I Was Right)",https://www.youtube.com/watch?v=qRiOSgCfXtk,REVIVAL Fitness,"Health,Fitness","revivalfitness,religion,building,health,gym",1967,27.0,65400,美国,Suspected,0.2452,32815,1095,695,Major Fitness,0.03336888618010057,0.02117933871705013,0.05454822489715069,501.75840978593266,59.94209964955051,16.682765632943568,Mid,2024-09,Strength / Training
2024-09-26,Major Fitness DRONE 1,https://www.youtube.com/watch?v=xIlQFaRrumA,Science Based Fitness,"Fitness,Health","fitness,health,lifestyle,science based fitness,gym",56,27.0,4360,美国,Mentioned,0.0605,2661,41,12,Major Fitness,0.015407741450582487,0.004509582863585118,0.019917324314167605,610.3211009174312,21.044720030063885,47.517857142857146,Nano,2024-09,Strength / Training
2024-09-26,Influencers Are Feeding Kids WHAT?! (Lunchly Ingredients Review),https://www.youtube.com/watch?v=7-eBGyRUExs,REVIVAL Fitness,"Health,Fitness","revivalfitness,religion,building,health,gym",1967,27.0,65400,美国,Suspected,0.2754,10272,509,232,Major Fitness,0.04955218068535826,0.022585669781931463,0.07213785046728972,157.06422018348624,191.49143302180684,5.22216573462125,Mid,2024-09,Equipment Review
2024-09-26,Level Up Your Exercise to Unlock Your Potential！,https://www.youtube.com/shorts/DkU835XpRsQ,MAJOR FITNESS,"Workout,Home,Health,Challenge","homegym,garagegym,fitness,workout,majorfitness",96,27.0,26000,美国,Sponsored,0.0439,15495,571,11,Major Fitness,0.036850596966763474,0.0007099064214262666,0.03756050338818974,595.9615384615385,6.195546950629236,161.40625,Micro,2024-09,Home Gym / Garage Gym
2024-09-25,Major Fitness Spirit B52 REVIEW || My Experience with an All-in-One Home Gym SMITH MACHINE!,https://www.youtube.com/watch?v=S1eNR0RKDLg,Enkiri Elite Fitness,"Fitness,Health,Sports,Entertainment","fitness,bodybuilding,health,workout,enkirielitefitness",497,27.0,67600,美国,Sponsored,0.0964,3994,115,27,Major Fitness,0.028793189784677015,0.006760140210315473,0.035553329994992486,59.08284023668639,124.43665498247371,8.036217303822937,Mid,2024-09,Home Gym / Garage Gym
2024-09-25,How to Train With Shoulder Pain (and FIX IT for Good),https://www.youtube.com/watch?v=C0pPGUcVvVQ,REVIVAL Fitness,"Health,Fitness","revivalfitness,religion,building,health,gym",1967,27.0,65400,美国,Suspected,0.2658,7374,370,159,Major Fitness,0.05017629509085978,0.021562245728234338,0.07173854081909412,112.75229357798165,266.7480336316789,3.7488561260803253,Mid,2024-09,Strength / Training
2024-09-24,Sleep When The Work Is Done | A Day in the Life of a College Baseball Player,https://www.youtube.com/watch?v=K-9AJPfQDhM,Isaiah’s Life,"Fitness,Baseball,Health","fitness,baseball,health,lifestyle,a day in the life",130,27.0,15100,美国,Suspected,0.1831,5395,288,70,Major Fitness,0.05338276181649675,0.012974976830398516,0.06635773864689527,357.2847682119205,24.096385542168676,41.5,Micro,2024-09,Strength / Training
2024-09-24,Train Your Core and Legs Like A Pro NFL Player!,https://www.youtube.com/shorts/reyLYXoMmys,MAJOR FITNESS,"Workout,Home,Health,Challenge","homegym,garagegym,fitness,workout,majorfitness",96,27.0,26000,美国,Mentioned,0.0338,355,12,0,Major Fitness,0.03380281690140845,0.0,0.03380281690140845,13.653846153846153,270.4225352112676,3.6979166666666665,Micro,2024-09,Home Gym / Garage Gym
2024-09-22,Morning Workout ASMR,https://www.youtube.com/shorts/j3WUdPNFUk4,MAJOR FITNESS,"Workout,Home,Health,Challenge","homegym,garagegym,fitness,workout,majorfitness",96,27.0,26000,美国,Sponsored,0.058,379,12,1,Major Fitness,0.0316622691292876,0.002638522427440633,0.03430079155672823,14.576923076923078,253.2981530343008,3.9479166666666665,Micro,2024-09,Home Gym / Garage Gym
2024-09-22,"5 Min ABS Workout | No Equipment | Intense, Quick & Effective",https://www.youtube.com/watch?v=CVlJSuTXpJA,Gritty Soldier,"Military,Workout,Health,Sports","military,fitness,workout,usarmy,soldiers",366,27.0,176000,美国,Suspected,0.1935,3773,330,40,Major Fitness,0.08746355685131195,0.010601643254704479,0.09806520010601644,21.4375,97.00503578054598,10.308743169398907,Macro,2024-09,Equipment Review
2024-09-21,Daily Routine As A College Baseball Player | A Day in The Life,https://www.youtube.com/watch?v=yj3_C39qZKc,Isaiah’s Life,"Fitness,Baseball,Health","fitness,baseball,health,lifestyle,a day in the life",130,27.0,15100,美国,Suspected,0.0431,27011,665,50,Major Fitness,0.024619599422457516,0.0018510977009366554,0.02647069712339417,1788.8079470198675,4.812854022435304,207.77692307692308,Micro,2024-09,Strength / Training
2024-09-21,Full-Body Barbell Circuit 💪,https://www.youtube.com/shorts/CGxJd7Vsc4U,Gritty Soldier,"Military,Workout,Health,Sports","military,fitness,workout,usarmy,soldiers",366,27.0,176000,美国,Suspected,0.0106,7544,0,8,Major Fitness,0.0,0.0010604453870625664,0.0010604453870625664,42.86363636363636,48.51537645811241,20.612021857923498,Macro,2024-09,Strength / Training
2024-09-21,Woman CRASHES OUT On Man in Gym... For This?,https://www.youtube.com/watch?v=FbgLBcgAzrE,REVIVAL Fitness,"Health,Fitness","revivalfitness,religion,building,health,gym",1967,27.0,65400,美国,Suspected,0.3933,9654,507,329,Major Fitness,0.052517091361093844,0.034079138181064846,0.08659622954215869,147.61467889908255,203.7497410399834,4.907981698017285,Mid,2024-09,Strength / Training
2024-09-21,Did You Feel Satisfied after GYM Cleaning?,https://www.youtube.com/shorts/mrTnNn088ZQ,MAJOR FITNESS,"Workout,Home,Health,Challenge","homegym,garagegym,fitness,workout,majorfitness",96,27.0,26000,美国,Sponsored,0.0178,618,11,0,Major Fitness,0.01779935275080906,0.0,0.01779935275080906,23.769230769230766,155.3398058252427,6.4375,Micro,2024-09,Home Gym / Garage Gym
2024-09-20,3 NATTY APPROVED Exercises To Blow Up Your Front Squat (Stronger Than LU XIAOJUN!),https://www.youtube.com/watch?v=tczf0QGHSFA,Enkiri Elite Fitness,"Fitness,Health,Sports,Entertainment","fitness,bodybuilding,health,workout,enkirielitefitness",497,27.0,67600,美国,Suspected,0.065,17519,328,81,Major Fitness,0.018722529824761688,0.004623551572578343,0.02334608139734003,259.1568047337278,28.36919915520292,35.24949698189135,Mid,2024-09,Strength / Training
2024-09-20,Get Your Mind Right | A Day In The Life of a College Baseball Player,https://www.youtube.com/watch?v=QVOVJUdCj8Y,Isaiah’s Life,"Fitness,Baseball,Health","fitness,baseball,health,lifestyle,a day in the life",130,27.0,15100,美国,Suspected,0.1785,3086,161,39,Major Fitness,0.05217109526895658,0.012637718729747246,0.06480881399870382,204.3708609271523,42.12572909915749,23.73846153846154,Micro,2024-09,Strength / Training
2024-09-19,ABS Band Ripper Of Working Out,https://www.youtube.com/shorts/s58-5Q_KRUI,MAJOR FITNESS,"Workout,Home,Health,Challenge","homegym,garagegym,fitness,workout,majorfitness",96,27.0,26000,美国,Sponsored,0.0011,26371,30,0,Major Fitness,0.0011376132873231958,0.0,0.0011376132873231958,1014.2692307692307,3.640362519434227,274.6979166666667,Micro,2024-09,Home Gym / Garage Gym
2024-09-19,Introducing the NEW Best Budget Power Rack - Major Fitness Drone 1!,https://www.youtube.com/watch?v=buf_d6Kyg3w,MAJOR FITNESS,"Workout,Home,Health,Challenge","homegym,garagegym,fitness,workout,majorfitness",96,27.0,26000,美国,Sponsored,0.0075,91111,615,7,Major Fitness,0.006750008231717355,7.682936198702681e-05,0.006826837593704382,3504.2692307692305,1.0536598215363677,949.0729166666666,Micro,2024-09,Home Gym / Garage Gym
2024-09-19,Major Fitness Most Budget All In One Rack: the Drone 1 | Home Gym Review and Product Testing,https://www.youtube.com/watch?v=3zzc45EPE2Q,Luke’s Garage Gym,"Workout,Home,Travel,Health","fitness,budget,gym,gymequipment,titan",99,27.0,5500,美国,Sponsored,0.2357,1506,55,30,Major Fitness,0.03652058432934927,0.0199203187250996,0.05644090305444887,273.8181818181818,65.73705179282868,15.212121212121213,Nano,2024-09,Home Gym / Garage Gym
2024-09-18,Is Ashwagandha The Next Major Fitness Supplement? New Study Findings!,https://www.youtube.com/watch?v=H59jiQ-LKLs,PictureFit,"Health,Fitness,Knowledge","gains,health,fitness,lifting,picturefit",420,27.0,1330000,美国,Mentioned,0.0698,60283,2485,172,Major Fitness,0.04122223512433024,0.002853209030738351,0.044075444155068595,45.32556390977444,6.967138330872717,143.53095238095239,Mega,2024-09,Strength / Training
2024-09-18,If It’s Important You’ll Make Time | A Day In The Life of a College Baseball Player,https://www.youtube.com/watch?v=3Je2ieEJOz4,Isaiah’s Life,"Fitness,Baseball,Health","fitness,baseball,health,lifestyle,a day in the life",130,27.0,15100,美国,Suspected,0.1705,3472,202,39,Major Fitness,0.058179723502304145,0.011232718894009217,0.06941244239631336,229.9337748344371,37.44239631336405,26.70769230769231,Micro,2024-09,Strength / Training
2024-09-17,Dips and Pull-ups to Strength Your Body,https://www.youtube.com/shorts/ipTtlWKX4a4,MAJOR FITNESS,"Workout,Home,Health,Challenge","homegym,garagegym,fitness,workout,majorfitness",96,27.0,26000,美国,Sponsored,0.0709,564,30,1,Major Fitness,0.05319148936170213,0.0017730496453900709,0.0549645390070922,21.69230769230769,170.2127659574468,5.875,Micro,2024-09,Home Gym / Garage Gym
2024-09-16,Weight Lifting In Your Garage Gym To Create the PB,https://www.youtube.com/shorts/FHVSyj8R6vw,MAJOR FITNESS,"Workout,Home,Health,Challenge","homegym,garagegym,fitness,workout,majorfitness",96,27.0,26000,美国,Sponsored,0.0278,683,19,0,Major Fitness,0.027818448023426062,0.0,0.027818448023426062,26.26923076923077,140.55636896046852,7.114583333333333,Micro,2024-09,Home Gym / Garage Gym
2024-09-16,10 Minute Battle Rope Workout | Follow Along,https://www.youtube.com/watch?v=4SVA_3dsTH4,Gritty Soldier,"Military,Workout,Health,Sports","military,fitness,workout,usarmy,soldiers",366,27.0,176000,美国,Suspected,0.1532,1456,93,13,Major Fitness,0.06387362637362637,0.008928571428571428,0.07280219780219781,8.272727272727272,251.37362637362637,3.978142076502732,Macro,2024-09,Strength / Training
2024-09-15,It’s Not Supposed To Be Easy | A Day in the Life of a College Baseball Player,https://www.youtube.com/watch?v=KD1YWbT10GE,Isaiah’s Life,"Fitness,Baseball,Health","fitness,baseball,health,lifestyle,a day in the life",130,27.0,15100,美国,Suspected,0.1176,8824,338,70,Major Fitness,0.03830462375339982,0.007932910244786946,0.04623753399818677,584.3708609271523,14.732547597461469,67.87692307692308,Micro,2024-09,Strength / Training
2024-09-14,MAJOR FITNESS LIGHTNING F35 UNBOXING & ASSEMBLING @major-fitness,https://www.youtube.com/watch?v=WIg77kYf8cI,Case.Baseball,"Baseball,Fun","baseball,sports,workhard,braves,havefun",191,27.0,14200,美国,Sponsored,0.0639,485,11,2,Major Fitness,0.02268041237113402,0.004123711340206186,0.026804123711340205,34.15492957746479,393.8144329896907,2.5392670157068062,Micro,2024-09,Strength / Training
2024-09-13,The Exercises to Improve Your Mobility,https://www.youtube.com/shorts/N01Vv1TVEq4,MAJOR FITNESS,"Workout,Home,Health,Challenge","homegym,garagegym,fitness,workout,majorfitness",96,27.0,26000,美国,Sponsored,0.0232,5872,136,0,Major Fitness,0.02316076294277929,0.0,0.02316076294277929,225.84615384615384,16.34877384196185,61.166666666666664,Micro,2024-09,Home Gym / Garage Gym
2024-09-12,Powerful Warm-up That Double Your Workout,https://www.youtube.com/shorts/ZJhslwdlXAY,MAJOR FITNESS,"Workout,Home,Health,Challenge","homegym,garagegym,fitness,workout,majorfitness",96,27.0,26000,美国,Sponsored,0.0249,5101,107,2,Major Fitness,0.020976279160948835,0.00039207998431680063,0.021368359145265633,196.1923076923077,18.81983924720643,53.135416666666664,Micro,2024-09,Home Gym / Garage Gym
2024-09-11,Transforming Your Garage Gym to Workout Place,https://www.youtube.com/shorts/n_JWTugYtK0,MAJOR FITNESS,"Workout,Home,Health,Challenge","homegym,garagegym,fitness,workout,majorfitness",96,27.0,26000,美国,Sponsored,0.033,9156,302,0,Major Fitness,0.03298383573612931,0.0,0.03298383573612931,352.15384615384613,10.484927916120578,95.375,Micro,2024-09,Home Gym / Garage Gym
2024-09-11,First Game of JUCO Baseball | A Day in The Life,https://www.youtube.com/watch?v=Q1E3fIdcHq8,Isaiah’s Life,"Fitness,Baseball,Health","fitness,baseball,health,lifestyle,a day in the life",130,27.0,15100,美国,Sponsored,0.1254,8819,416,69,Major Fitness,0.0471708810522735,0.007824016328381903,0.054994897380655404,584.0397350993377,14.740900328835469,67.83846153846154,Micro,2024-09,Strength / Training
2024-09-10,New Glove | Swing Clean Up | A Day In The Life of a College Baseball Player,https://www.youtube.com/watch?v=T2-n2c24xoo,Isaiah’s Life,"Fitness,Baseball,Health","fitness,baseball,health,lifestyle,a day in the life",130,27.0,15100,美国,Suspected,0.1075,4938,221,31,Major Fitness,0.04475496152288376,0.006277845281490482,0.05103280680437424,327.0198675496689,26.326447954637505,37.98461538461538,Micro,2024-09,Strength / Training
2024-09-09,Keep Pushing Forward—Make Age Just A Number!,https://www.youtube.com/shorts/0xieQok8-bk,MAJOR FITNESS,"Workout,Home,Health,Challenge","homegym,garagegym,fitness,workout,majorfitness",96,27.0,26000,美国,Sponsored,0.0668,704,17,3,Major Fitness,0.024147727272727272,0.004261363636363636,0.028409090909090908,27.076923076923077,136.36363636363635,7.333333333333333,Micro,2024-09,Home Gym / Garage Gym
2024-09-08,Kandi Burruss Fitness Journey is All the Motivation You Need! 🔥💪 | Gym Goals & Workout Inspiration,https://www.youtube.com/watch?v=UQ9yFHpKPTU,Top 20 News,"Entertainment,Fashion","entertainment,fashion,celebrity gossip news,celebrity news,lifestyle",45,27.0,55900,美国,Mentioned,0.0413,727,10,2,Major Fitness,0.013755158184319119,0.002751031636863824,0.016506189821182942,13.005366726296959,61.898211829436036,16.155555555555555,Mid,2024-09,Strength / Training
2024-09-08,We got a package from Major Fitness |unboxing  coming soon! thanks @major-fitness  #workout,https://www.youtube.com/shorts/ql9ocOF2fDM,Case.Baseball,"Baseball,Fun","baseball,sports,workhard,braves,havefun",191,27.0,14200,美国,Mentioned,0.0677,1403,45,5,Major Fitness,0.03207412687099073,0.003563791874554526,0.03563791874554526,98.80281690140845,136.1368496079829,7.345549738219895,Micro,2024-09,Strength / Training
2024-09-07,Rowing My Way to PEAK Hybrid Athlete || JOYSONG Home Gym Cube Rower Review!,https://www.youtube.com/watch?v=vjIpnWTL6ZY,Enkiri Elite Fitness,"Fitness,Health,Sports,Entertainment","fitness,bodybuilding,health,workout,enkirielitefitness",497,27.0,67600,美国,Suspected,0.1095,3534,87,30,Major Fitness,0.02461799660441426,0.008488964346349746,0.03310696095076401,52.27810650887574,140.63384267119412,7.110663983903421,Mid,2024-09,Home Gym / Garage Gym
2024-09-07,My Workout Split as A College Baseball Player | A Day In The Life,https://www.youtube.com/watch?v=YEzYtqg3Y0U,Isaiah’s Life,"Fitness,Baseball,Health","fitness,baseball,health,lifestyle,a day in the life",130,27.0,15100,美国,Suspected,0.1605,3309,151,38,Major Fitness,0.04563312178906014,0.011483831973405863,0.057116953762466005,219.13907284768212,39.286793593230584,25.453846153846154,Micro,2024-09,Strength / Training
2024-09-06,How To Get Rid Of Knee Pain At Home Part 2,https://www.youtube.com/shorts/dJhxEOdUlzY,MAJOR FITNESS,"Workout,Home,Health,Challenge","homegym,garagegym,fitness,workout,majorfitness",96,27.0,26000,美国,Sponsored,0.022,772,17,0,Major Fitness,0.022020725388601035,0.0,0.022020725388601035,29.69230769230769,124.35233160621762,8.041666666666666,Micro,2024-09,Home Gym / Garage Gym
2024-09-06,Myron Gaines - NO IDEA How to Train! (Workout Reaction),https://www.youtube.com/watch?v=_FzSpooo5J4,REVIVAL Fitness,"Health,Fitness","revivalfitness,religion,building,health,gym",1967,27.0,65400,美国,Suspected,0.1308,132381,3578,1374,Major Fitness,0.02702804783163747,0.010379132957146419,0.03740718078878389,2024.1743119266052,14.858627748695055,67.30096593797661,Mid,2024-09,Strength / Training
2024-09-04,Becoming a Student Of Life | A Day In The Life of a College Baseball Player,https://www.youtube.com/watch?v=ojF6mpTLF90,Isaiah’s Life,"Fitness,Baseball,Health","fitness,baseball,health,lifestyle,a day in the life",130,27.0,15100,美国,Sponsored,0.0939,5594,205,32,Major Fitness,0.036646406864497674,0.00572041473006793,0.042366821594565604,370.4635761589404,23.239184840900965,43.03076923076923,Micro,2024-09,Strength / Training
2024-09-04,This Hack Squat Attachment Will TRANSFORM Your Home Gym (RitFit AT02 Hack Squat Attachment REVIEW!),https://www.youtube.com/watch?v=NQsNleT4q08,Enkiri Elite Fitness,"Fitness,Health,Sports,Entertainment","fitness,bodybuilding,health,workout,enkirielitefitness",497,27.0,67600,美国,Suspected,0.1334,5699,170,59,Major Fitness,0.029829794700824707,0.010352693454992104,0.04018248815581681,84.30473372781066,87.20828215476399,11.466800804828974,Mid,2024-09,Home Gym / Garage Gym
2024-09-04,How To Get Rid Of Knee Pain At Home,https://www.youtube.com/shorts/UV2LFj6dnZM,MAJOR FITNESS,"Workout,Home,Health,Challenge","homegym,garagegym,fitness,workout,majorfitness",96,27.0,26000,美国,Sponsored,0.0257,4196,98,1,Major Fitness,0.023355576739752144,0.00023832221163012392,0.02359389895138227,161.3846153846154,22.878932316491895,43.708333333333336,Micro,2024-09,Home Gym / Garage Gym
2024-09-04,5 Things You NEED for a Minimalist Home Gym (Very Limited Space) feat. AtivaFit,https://www.youtube.com/watch?v=ieNY76hQz8Q,REVIVAL Fitness,"Health,Fitness","revivalfitness,religion,building,health,gym",1967,27.0,65400,美国,Suspected,0.2263,7493,336,136,Major Fitness,0.0448418523955692,0.01815027358868277,0.06299212598425197,114.57186544342508,262.511677565728,3.8093543467208946,Mid,2024-09,Home Gym / Garage Gym
2024-09-03,How to Hold Grips to Target Different Muscle Groups,https://www.youtube.com/shorts/smq8XgiOSi4,MAJOR FITNESS,"Workout,Home,Health,Challenge","homegym,garagegym,fitness,workout,majorfitness",96,27.0,26000,美国,Sponsored,0.0439,9365,411,0,Major Fitness,0.04388681260010678,0.0,0.04388681260010678,360.1923076923077,10.25093432995195,97.55208333333333,Micro,2024-09,Home Gym / Garage Gym
2024-09-02,Lower Body Training with Leg Press Hack Squat Machine AH1,https://www.youtube.com/watch?v=E5NPMRtpiSU,MAJOR FITNESS,"Workout,Home,Health,Challenge","homegym,garagegym,fitness,workout,majorfitness",96,27.0,26000,美国,Sponsored,0.0001,8657,1,0,Major Fitness,0.00011551345731777752,0.0,0.00011551345731777752,332.96153846153845,11.089291902506641,90.17708333333333,Micro,2024-09,Home Gym / Garage Gym
2024-08-31,Time to Lock In | A Day In The Life of a College Baseball Player and Hybrid Athlete,https://www.youtube.com/watch?v=ctYV7-3_Yw0,Isaiah’s Life,"Fitness,Baseball,Health","fitness,baseball,health,lifestyle,a day in the life",130,27.0,15100,美国,Sponsored,0.119,3269,149,24,Major Fitness,0.04557968797797492,0.007341694707861731,0.05292138268583665,216.49006622516555,39.76751300091772,25.146153846153847,Micro,2024-08,Strength / Training
2024-08-31,3 Anti-Science Exercises Guaranteed to Blow Up Your Deadlift (#3 Will Shock You!),https://www.youtube.com/watch?v=4Y9Hp6x8NY0,Enkiri Elite Fitness,"Fitness,Health,Sports,Entertainment","fitness,bodybuilding,health,workout,enkirielitefitness",497,27.0,67600,美国,Suspected,0.0221,89396,629,135,Major Fitness,0.007036108998165466,0.0015101346816412367,0.008546243679806702,1322.4260355029587,5.559532865005146,179.8712273641851,Mid,2024-08,Strength / Training
2024-08-31,Beginner’s Guide to Mastering the F22,https://www.youtube.com/watch?v=WMXTvhmm3dc,MAJOR FITNESS,"Workout,Home,Health,Challenge","homegym,garagegym,fitness,workout,majorfitness",96,27.0,26000,美国,Sponsored,0.0023,7274,7,1,Major Fitness,0.000962331591971405,0.00013747594171020073,0.0010998075336816058,279.7692307692308,13.197690404179268,75.77083333333333,Micro,2024-08,Home Gym / Garage Gym
2024-08-30,20 Minute Full-Body Power Rack Workout | Major Fitness Home Gym,https://www.youtube.com/watch?v=N1a40r8V-PY,Gritty Soldier,"Military,Workout,Health,Sports","military,fitness,workout,usarmy,soldiers",366,27.0,176000,美国,Sponsored,0.129,4380,265,30,Major Fitness,0.06050228310502283,0.00684931506849315,0.06735159817351598,24.886363636363637,83.56164383561644,11.967213114754099,Macro,2024-08,Home Gym / Garage Gym
2024-08-30,My Life as a Content Creator and JUCO Baseball Player | A Day in the Life,https://www.youtube.com/watch?v=jgVG8ElogmY,Isaiah’s Life,"Fitness,Baseball,Health","fitness,baseball,health,lifestyle,a day in the life",130,27.0,15100,美国,Suspected,0.1517,2346,146,21,Major Fitness,0.06223358908780904,0.008951406649616368,0.0711849957374254,155.36423841059602,55.413469735720376,18.046153846153846,Micro,2024-08,Strength / Training
2024-08-28,Reason #10002 to Have A Home Gym,https://www.youtube.com/shorts/sq9ePwLRd88,MAJOR FITNESS,"Workout,Home,Health,Challenge","homegym,garagegym,fitness,workout,majorfitness",96,27.0,26000,美国,Sponsored,0.0269,5273,112,3,Major Fitness,0.02124028067513749,0.0005689360895126114,0.021809216764650103,202.8076923076923,18.205954864403566,54.927083333333336,Micro,2024-08,Home Gym / Garage Gym
2024-08-28,💪🏼📈,https://www.youtube.com/shorts/nL-SBdSSSSA,REVIVAL Fitness,"Health,Fitness","revivalfitness,religion,building,health,gym",1967,27.0,65400,美国,Suspected,0.1273,14903,887,101,Major Fitness,0.059518217808494936,0.006777158961282963,0.0662953767697779,227.87461773700306,131.98684828558007,7.576512455516014,Mid,2024-08,Strength / Training
2024-08-27,The Perfect Home Gym For A Pro Basketball Player? (Off Season Day of Training With Major Fitness),https://www.youtube.com/watch?v=ZRPpSug1FeU,Trey Drechsel,Basketball,"basketball,probasketballplayer,sports,hooper,probasketball",458,27.0,60900,美国,Sponsored,0.0761,11028,629,21,Major Fitness,0.05703663402248821,0.0019042437431991295,0.05894087776568734,181.08374384236453,41.53064925643816,24.078602620087338,Mid,2024-08,Home Gym / Garage Gym
2024-08-27,You DID NOT Lose Muscle Cutting 🤔,https://www.youtube.com/shorts/4jI71zws3n0,REVIVAL Fitness,"Health,Fitness","revivalfitness,religion,building,health,gym",1967,27.0,65400,美国,Suspected,0.1086,16622,895,91,Major Fitness,0.05384430273131994,0.0054746721212850435,0.05931897485260498,254.15902140672782,118.33714354469979,8.450432130147433,Mid,2024-08,Strength / Training
2024-08-27,"BRUNA LUCCAS , FROM MCDONALD'S EMPLOYEE TO WORLD FITNESS MUSE!",https://www.youtube.com/watch?v=1z8KRAq7FVQ,THESARADAS,"Fitness,Health","thesaradas,fitness,gym,health,fitnessmodel",65,27.0,41900,美国,Mentioned,0.0767,873,67,0,Major Fitness,0.07674684994272624,0.0,0.07674684994272624,20.835322195704055,74.45589919816724,13.430769230769231,Micro,2024-08,Strength / Training
2024-08-26,My First JUCO Practice | A Day in the Life Of A College Baseball Player,https://www.youtube.com/watch?v=Swx87FNVzRc,Isaiah’s Life,"Fitness,Baseball,Health","fitness,baseball,health,lifestyle,a day in the life",130,27.0,15100,美国,Sponsored,0.0686,17325,558,63,Major Fitness,0.032207792207792206,0.0036363636363636364,0.035844155844155845,1147.3509933774835,7.503607503607504,133.26923076923077,Micro,2024-08,Strength / Training
2024-08-26,Space Saver Power Rack Without Compromising The Functionality,https://www.youtube.com/shorts/00mMqtfTLM0,MAJOR FITNESS,"Workout,Home,Health,Challenge","homegym,garagegym,fitness,workout,majorfitness",96,27.0,26000,美国,Sponsored,0.0238,926,22,0,Major Fitness,0.023758099352051837,0.0,0.023758099352051837,35.61538461538462,103.67170626349892,9.645833333333334,Micro,2024-08,Home Gym / Garage Gym
2024-08-25,Your Goal LEAN Physique - Expectation vs Reality,https://www.youtube.com/watch?v=vQNL9BQNGKc,REVIVAL Fitness,"Health,Fitness","revivalfitness,religion,building,health,gym",1967,27.0,65400,美国,Suspected,0.1808,14843,753,193,Major Fitness,0.05073098430236475,0.013002762244829212,0.06373374654719396,226.95718654434253,132.52037997709357,7.546009150991358,Mid,2024-08,Strength / Training
2024-08-24,I Don’t Want To Be an Adult… I Just Want To Play Baseball | A Day In The Life,https://www.youtube.com/watch?v=Z1oJ7eXOcf4,Isaiah’s Life,"Fitness,Baseball,Health","fitness,baseball,health,lifestyle,a day in the life",130,27.0,15100,美国,Suspected,0.1499,3508,176,35,Major Fitness,0.05017103762827822,0.009977194982896237,0.06014823261117446,232.31788079470198,37.058152793614596,26.984615384615385,Micro,2024-08,Strength / Training
2024-08-23,Let's do the weight capacity test of our adjustable weight bench!,https://www.youtube.com/shorts/mbjrHyxVU9A,MAJOR FITNESS,"Workout,Home,Health,Challenge","homegym,garagegym,fitness,workout,majorfitness",96,27.0,26000,美国,Sponsored,0.0063,1733,11,0,Major Fitness,0.006347374495095211,0.0,0.006347374495095211,66.65384615384616,55.39526832083093,18.052083333333332,Micro,2024-08,Home Gym / Garage Gym
2024-08-23,"You need a STURDY, adjustable weight bench!",https://www.youtube.com/shorts/i-o1MmxVkds,MAJOR FITNESS,"Workout,Home,Health,Challenge","homegym,garagegym,fitness,workout,majorfitness",96,27.0,26000,美国,Sponsored,0.0218,12597,244,3,Major Fitness,0.019369691196316582,0.00023815194093831864,0.0196078431372549,484.5,7.620862110026197,131.21875,Micro,2024-08,Home Gym / Garage Gym
2024-08-23,Reviewing EVERY Major Fitness Squat Rack: Budget Meets Versatility!,https://www.youtube.com/watch?v=Hz6bhsq9J9Y,Garage Gym Reviews,"Fitness,Health","fitness,health,gym,garage gym,garage gym reviews",2231,27.0,606000,美国,Mentioned,0.052,47640,1106,137,Major Fitness,0.023215785054575985,0.0028757346767422334,0.02609151973131822,78.61386138613861,46.8303946263644,21.35365307037203,Mega,2024-08,Home Gym / Garage Gym
2024-08-23,New Home gym 😍 This is our Major Fitness F22 All-In-One Power rack from @major-fitness,https://www.youtube.com/shorts/pzyNom4z9yw,Frank Medrano,"Workout,Health,Home","calisthenics,fitness,workout,health,gym",355,27.0,1840000,美国,Mentioned,0.0343,21444,685,5,Major Fitness,0.03194366722626376,0.0002331654542063048,0.032176832680470065,11.654347826086957,16.55474724864764,60.4056338028169,Mega,2024-08,Home Gym / Garage Gym
2024-08-21,Stop Wasting Time | A Day in The Life of a College Baseball Player,https://www.youtube.com/watch?v=s2pNDIhl_eo,Isaiah’s Life,"Fitness,Baseball,Health","fitness,baseball,health,lifestyle,a day in the life",130,27.0,15100,美国,Suspected,0.1124,3337,165,21,Major Fitness,0.04944560982918789,0.006293077614623914,0.05573868744381181,220.9933774834437,38.95714713814804,25.66923076923077,Micro,2024-08,Strength / Training
2024-08-21,The Premium Power Rack For Beginners And Professionals,https://www.youtube.com/watch?v=4vMyYQVm66o,MAJOR FITNESS,"Workout,Home,Health,Challenge","homegym,garagegym,fitness,workout,majorfitness",96,27.0,26000,美国,Sponsored,0.0002,57313,4,1,Major Fitness,6.979219374312983e-05,1.7448048435782457e-05,8.724024217891228e-05,2204.346153846154,1.6750126498351159,597.0104166666666,Micro,2024-08,Home Gym / Garage Gym
2024-08-21,How To Assemble The AH1 Leg Press & Hack Squat Machine | Installation Walkthrough,https://www.youtube.com/watch?v=3bYeGnKY4zE,MAJOR FITNESS,"Workout,Home,Health,Challenge","homegym,garagegym,fitness,workout,majorfitness",96,27.0,26000,美国,Sponsored,0.015,734,1,1,Major Fitness,0.0013623978201634877,0.0013623978201634877,0.0027247956403269754,28.23076923076923,130.7901907356948,7.645833333333333,Micro,2024-08,Home Gym / Garage Gym
2024-08-20,Grow your arms with Coach Brody 🔥🔥🔥 #homegym,https://www.youtube.com/shorts/aV4ZHkcT6Z8,MAJOR FITNESS,"Workout,Home,Health,Challenge","homegym,garagegym,fitness,workout,majorfitness",96,27.0,26000,美国,Sponsored,0.0282,921,26,0,Major Fitness,0.02823018458197611,0.0,0.02823018458197611,35.42307692307693,104.23452768729642,9.59375,Micro,2024-08,Home Gym / Garage Gym
2024-08-20,Alpha Male Confronts Gym Girl 🦍,https://www.youtube.com/shorts/0qznS5dOI2E,REVIVAL Fitness,"Health,Fitness","revivalfitness,religion,building,health,gym",1967,27.0,65400,美国,Suspected,0.1947,5352,142,90,Major Fitness,0.026532137518684603,0.016816143497757848,0.043348281016442454,81.8348623853211,367.52615844544096,2.72089476359939,Mid,2024-08,Strength / Training
2024-08-19,"Unbox The ""NOT BAD"" Weight Bench",https://www.youtube.com/shorts/IWGat4Nw2ng,MAJOR FITNESS,"Workout,Home,Health,Challenge","homegym,garagegym,fitness,workout,majorfitness",96,27.0,26000,美国,Sponsored,0.0405,765,21,1,Major Fitness,0.027450980392156862,0.00130718954248366,0.02875816993464052,29.423076923076923,125.49019607843137,7.96875,Micro,2024-08,Home Gym / Garage Gym
2024-08-19,🛑 How to Get INJURED on Bench Press 🛑,https://www.youtube.com/shorts/-5XZJwT27bk,REVIVAL Fitness,"Health,Fitness","revivalfitness,religion,building,health,gym",1967,27.0,65400,美国,Suspected,0.0685,13112,458,44,Major Fitness,0.03492983526540574,0.003355704697986577,0.03828553996339231,200.48929663608564,150.01525320317265,6.665988815455008,Mid,2024-08,Strength / Training
2024-08-18,Avoid Mistakes: #MajorFitness Leg Extension Machine Buying Tips,https://www.youtube.com/watch?v=bVY_wTG9UWE,Aviator’s Garage,,,85,27.0,3730,美国,Sponsored,0.1393,768,7,10,Major Fitness,0.009114583333333334,0.013020833333333334,0.022135416666666668,205.89812332439678,110.67708333333333,9.035294117647059,Nano,2024-08,Strength / Training
2024-08-17,Major Fitness F22 All-in-One Rack #homefitness #homegym #garagegym,https://www.youtube.com/shorts/vlORY8LQ5kw,Design. Build. Lift.,"Fitness,Health,DIY","fitness,health,diy,gym,diy fitness club",51,27.0,12900,美国,Mentioned,0.0313,8359,142,12,Major Fitness,0.01698767795190812,0.001435578418471109,0.018423256370379233,647.984496124031,6.101208278502213,163.90196078431373,Micro,2024-08,Home Gym / Garage Gym
2024-08-17,Be A dawg…. A Day in The Life Of a College Baseball Player,https://www.youtube.com/watch?v=4A1tpWRbLO4,Isaiah’s Life,"Fitness,Baseball,Health","fitness,baseball,health,lifestyle,a day in the life",130,27.0,15100,美国,Suspected,0.1394,4167,201,38,Major Fitness,0.0482361411087113,0.00911927045836333,0.05735541156707463,275.96026490066225,31.197504199664024,32.05384615384615,Micro,2024-08,Strength / Training
2024-08-17,Major Fitness F22: All-In-One Home Gym Rack REVIEW,https://www.youtube.com/watch?v=E9Tpfcio55o,Design. Build. Lift.,"Fitness,Health,DIY","fitness,health,diy,gym,diy fitness club",51,27.0,12900,美国,Sponsored,0.0824,10742,125,76,Major Fitness,0.011636566747346862,0.007075032582386892,0.018711599329733757,832.7131782945737,4.747719232917521,210.62745098039215,Micro,2024-08,Home Gym / Garage Gym
2024-08-17,Boxer Plank for Rock-Solid Abs,https://www.youtube.com/shorts/NtsEECEQKLI,MAJOR FITNESS,"Workout,Home,Health,Challenge","homegym,garagegym,fitness,workout,majorfitness",96,27.0,26000,美国,Sponsored,0.0193,622,12,0,Major Fitness,0.01929260450160772,0.0,0.01929260450160772,23.923076923076923,154.34083601286176,6.479166666666667,Micro,2024-08,Home Gym / Garage Gym
2024-08-16,"How I Stay LEAN on 6,000 Calories - Carnivore Bulk Full Day of Eating",https://www.youtube.com/watch?v=IsAsGFMPHKY,REVIVAL Fitness,"Health,Fitness","revivalfitness,religion,building,health,gym",1967,27.0,65400,美国,Suspected,0.4751,18638,745,811,Major Fitness,0.03997210001073077,0.043513252494902885,0.08348535250563364,284.9847094801223,105.53707479343277,9.475343162175902,Mid,2024-08,Strength / Training
2024-08-16,Avoid Mistakes: #MajorFitness Leg Extension Machine Buying Tips,https://www.youtube.com/watch?v=sB0ke2UVBiU,Aviator’s Garage,,,85,27.0,3730,美国,Sponsored,0.0455,1913,27,6,Major Fitness,0.014113957135389441,0.0031364349189754314,0.017250392054364874,512.8686327077749,44.432828018818604,22.50588235294118,Nano,2024-08,Strength / Training
2024-08-15,The Power Rack You Need for Your Home Gym!,https://www.youtube.com/shorts/9v9oUraXNO8,MAJOR FITNESS,"Workout,Home,Health,Challenge","homegym,garagegym,fitness,workout,majorfitness",96,27.0,26000,美国,Sponsored,0.0283,27068,727,4,Major Fitness,0.026858282843209694,0.00014777597162701344,0.027006058814836708,1041.076923076923,3.5466233190483227,281.9583333333333,Micro,2024-08,Home Gym / Garage Gym
2024-08-15,How Much Can You Hip Thrust?,https://www.youtube.com/shorts/kp7-zZQDF30,MAJOR FITNESS,"Workout,Home,Health,Challenge","homegym,garagegym,fitness,workout,majorfitness",96,27.0,26000,美国,Sponsored,0.0138,145,2,0,Major Fitness,0.013793103448275862,0.0,0.013793103448275862,5.576923076923077,662.0689655172414,1.5104166666666667,Micro,2024-08,Home Gym / Garage Gym
2024-08-14,I’m 19 Years Old Training For College Baseball | A Week In The Life,https://www.youtube.com/watch?v=Jp8aWvwXSQE,Isaiah’s Life,"Fitness,Baseball,Health","fitness,baseball,health,lifestyle,a day in the life",130,27.0,15100,美国,Suspected,0.1759,3342,168,42,Major Fitness,0.05026929982046679,0.012567324955116697,0.06283662477558348,221.32450331125827,38.898862956313586,25.70769230769231,Micro,2024-08,Strength / Training
2024-08-14,The cool fitdad with the cool fitkids and the cool home gym equipments.❤️,https://www.youtube.com/shorts/ZNg6PUY9jbw,MAJOR FITNESS,"Workout,Home,Health,Challenge","homegym,garagegym,fitness,workout,majorfitness",96,27.0,26000,美国,Sponsored,0.0188,160,3,0,Major Fitness,0.01875,0.0,0.01875,6.153846153846154,600.0,1.6666666666666667,Micro,2024-08,Home Gym / Garage Gym
2024-08-13,FULL BODY WORKOUT,https://www.youtube.com/shorts/v0GJZIuZ-2I,Gritty Soldier,"Military,Workout,Health,Sports","military,fitness,workout,usarmy,soldiers",366,27.0,176000,美国,Suspected,0.07,10032,542,16,Major Fitness,0.054027113237639555,0.001594896331738437,0.05562200956937799,57.0,36.483253588516746,27.40983606557377,Macro,2024-08,Strength / Training
2024-08-12,Crush Fat Fast with This Barbell Complex,https://www.youtube.com/shorts/nIZW2MWM4nM,MAJOR FITNESS,"Workout,Home,Health,Challenge","homegym,garagegym,fitness,workout,majorfitness",96,27.0,26000,美国,Sponsored,0.0168,597,10,0,Major Fitness,0.01675041876046901,0.0,0.01675041876046901,22.96153846153846,160.80402010050253,6.21875,Micro,2024-08,Home Gym / Garage Gym
2024-08-11,Major Fitness F22 Functional Trainer Power Rack Review: All-In-One Starter Home Gym,https://www.youtube.com/watch?v=MhT3Sy9qFFU,TheJungleGymReviews,,,54,27.0,3670,美国,Mentioned,0.0253,6002,92,6,Major Fitness,0.015328223925358214,0.000999666777740753,0.016327890703098966,1635.4223433242507,8.997000999666778,111.14814814814815,Nano,2024-08,Home Gym / Garage Gym
2024-08-10,Social Media is Not Real | A Day in The Life of A College Baseball Player,https://www.youtube.com/watch?v=7PA6ON_qTyY,Isaiah’s Life,"Fitness,Baseball,Health","fitness,baseball,health,lifestyle,a day in the life",130,27.0,15100,美国,Suspected,0.1615,3499,185,38,Major Fitness,0.05287224921406116,0.010860245784509859,0.06373249499857102,231.72185430463577,37.15347242069163,26.915384615384614,Micro,2024-08,Strength / Training
2024-08-09,Enjoy Summer Fitness with Family!,https://www.youtube.com/shorts/aAasmbLZ0GE,MAJOR FITNESS,"Workout,Home,Health,Challenge","homegym,garagegym,fitness,workout,majorfitness",96,27.0,26000,美国,Sponsored,0.0274,2842,78,0,Major Fitness,0.02744546094299789,0.0,0.02744546094299789,109.30769230769232,33.77902885292048,29.604166666666668,Micro,2024-08,Home Gym / Garage Gym
2024-08-08,Focused On What’s in Front Of Me | A Day In The Life of A College Baseball Player,https://www.youtube.com/watch?v=76JWl0VBGxg,Isaiah’s Life,"Fitness,Baseball,Health","fitness,baseball,health,lifestyle,a day in the life",130,27.0,15100,美国,Suspected,0.1946,2924,179,39,Major Fitness,0.06121751025991792,0.013337893296853625,0.07455540355677155,193.64238410596028,44.45964432284541,22.49230769230769,Micro,2024-08,Strength / Training
2024-08-08,All About Angle | Major Fitness Adjustable Bench,https://www.youtube.com/shorts/wYMJzERJ89g,MAJOR FITNESS,"Workout,Home,Health,Challenge","homegym,garagegym,fitness,workout,majorfitness",96,27.0,26000,美国,Sponsored,0.0198,305588,5949,10,Major Fitness,0.01946738746285849,3.2723798054897447e-05,0.019500111260913385,11753.384615384615,0.31414846132701546,3183.2083333333335,Micro,2024-08,Home Gym / Garage Gym
2024-08-08,Home Leg Day For Athletes,https://www.youtube.com/shorts/ih8HafwwlBc,MAJOR FITNESS,"Workout,Home,Health,Challenge","homegym,garagegym,fitness,workout,majorfitness",96,27.0,26000,美国,Sponsored,0.0321,1496,48,0,Major Fitness,0.03208556149732621,0.0,0.03208556149732621,57.53846153846154,64.1711229946524,15.583333333333334,Micro,2024-08,Home Gym / Garage Gym
2024-08-08,Budget GYM setup,https://www.youtube.com/watch?v=TZddiZ0p2Cg,Science Based Fitness,"Fitness,Health","fitness,health,lifestyle,science based fitness,gym",56,27.0,4360,美国,Mentioned,0.0376,5219,86,11,Major Fitness,0.016478252538800538,0.002107683464265185,0.018585936003065722,1197.0183486238532,10.730024908986396,93.19642857142857,Nano,2024-08,Strength / Training
2024-08-07,20 Minutes Full Body Workout with Coach Frank,https://www.youtube.com/shorts/kS0gytVnzZQ,MAJOR FITNESS,"Workout,Home,Health,Challenge","homegym,garagegym,fitness,workout,majorfitness",96,27.0,26000,美国,Sponsored,0.0188,639,12,0,Major Fitness,0.018779342723004695,0.0,0.018779342723004695,24.576923076923077,150.23474178403757,6.65625,Micro,2024-08,Home Gym / Garage Gym
2024-08-06,"B52 Major Fitness All-in-One Rack, Lever Arms, Leg Extension Review",https://www.youtube.com/watch?v=q1szuJxv0Do,Hybrid Resistance,"Health,Fitness","health,fitness,total gym,sliding bench trainer,gr8flex",165,27.0,60200,美国,Sponsored,0.0703,4607,114,21,Major Fitness,0.02474495333188626,0.0045582808769264165,0.029303234208812676,76.5282392026578,35.81506403299327,27.921212121212122,Mid,2024-08,Equipment Review
2024-08-05,Maximizing My Focus | Training Harder | A Week In My Life as a College Baseball Player,https://www.youtube.com/watch?v=91m8lbv0gCI,Isaiah’s Life,"Fitness,Baseball,Health","fitness,baseball,health,lifestyle,a day in the life",130,27.0,15100,美国,Suspected,0.1319,3077,146,26,Major Fitness,0.047448813779655506,0.008449788755281119,0.05589860253493663,203.7748344370861,42.24894377640559,23.66923076923077,Micro,2024-08,Strength / Training
2024-08-05,Leg Day in the Garage Gym,https://www.youtube.com/shorts/my0QbkoJd6A,MAJOR FITNESS,"Workout,Home,Health,Challenge","homegym,garagegym,fitness,workout,majorfitness",96,27.0,26000,美国,Sponsored,0.0367,279173,10238,1,Major Fitness,0.03667260086039839,3.5820082887671804e-06,0.03667618286868716,10737.423076923078,0.34387279572164925,2908.0520833333335,Micro,2024-08,Home Gym / Garage Gym
2024-08-05,Are Racks Better Naked or Fully Clothed? | GymCrafter Podcast Ep. 13,https://www.youtube.com/watch?v=O-IAo4-TAOQ,Gym Crafter,"Fitness,Health","fitness,health,garage gym,home gym,gym",109,27.0,7550,美国,Mentioned,0.3243,1505,58,43,Major Fitness,0.038538205980066444,0.02857142857142857,0.06710963455149502,199.33774834437088,72.42524916943522,13.807339449541285,Nano,2024-08,Home Gym / Garage Gym
2024-08-04,THIS is What Most Guys’ First Cycle Looks Like,https://www.youtube.com/watch?v=SIwpDlF4qGk,REVIVAL Fitness,"Health,Fitness","revivalfitness,religion,building,health,gym",1967,27.0,65400,美国,Suspected,0.2154,26325,1121,455,Major Fitness,0.042583095916429246,0.01728395061728395,0.0598670465337132,402.5229357798165,74.71984805318138,13.383324860193188,Mid,2024-08,Strength / Training
2024-08-03,Preparing For College Ball Differently…. Hitting and Defensive Work | A Day in The Life,https://www.youtube.com/watch?v=LQouCRL1U4E,Isaiah’s Life,"Fitness,Baseball,Health","fitness,baseball,health,lifestyle,a day in the life",130,27.0,15100,美国,Sponsored,0.0716,8872,235,40,Major Fitness,0.026487826871055005,0.004508566275924256,0.03099639314697926,587.5496688741722,14.652840396753831,68.24615384615385,Micro,2024-08,Strength / Training
2024-08-03,How Chasing Maximal Progress Can HINDER Your Gains (SERIOUSLY!),https://www.youtube.com/watch?v=scmGwBfcCSk,Enkiri Elite Fitness,"Fitness,Health,Sports,Entertainment","fitness,bodybuilding,health,workout,enkirielitefitness",497,27.0,67600,美国,Suspected,0.1492,5052,274,48,Major Fitness,0.05423594615993666,0.009501187648456057,0.06373713380839272,74.73372781065089,98.37688044338876,10.164989939637827,Mid,2024-08,Strength / Training
2024-08-02,Major Fitness Power Rack Comparison: Which One Works Best For Your Home Gym? F22 vs. PLM03 vs. B52,https://www.youtube.com/watch?v=ViYzPD-RFfo,Luke’s Garage Gym,"Workout,Home,Travel,Health","fitness,budget,gym,gymequipment,titan",99,27.0,5500,美国,Sponsored,0.2341,1478,46,30,Major Fitness,0.03112313937753721,0.02029769959404601,0.05142083897158322,268.7272727272727,66.98240866035182,14.929292929292929,Nano,2024-08,Home Gym / Garage Gym
2024-08-01,Major Fitness Barbell Review,https://www.youtube.com/watch?v=9IPDO640JKI,Gym Crafter,"Fitness,Health","fitness,health,garage gym,home gym,gym",109,27.0,7550,美国,Mentioned,0.5213,328,21,15,Major Fitness,0.06402439024390244,0.04573170731707317,0.10975609756097561,43.443708609271525,332.3170731707317,3.0091743119266057,Nano,2024-08,Home Gym / Garage Gym
2024-08-01,Workout with Soccer Play Caroline! #majorathlete,https://www.youtube.com/shorts/OyqY6Mzsamo,MAJOR FITNESS,"Workout,Home,Health,Challenge","homegym,garagegym,fitness,workout,majorfitness",96,27.0,26000,美国,Sponsored,0.0608,543,13,2,Major Fitness,0.02394106813996317,0.003683241252302026,0.027624309392265192,20.884615384615383,176.79558011049724,5.65625,Micro,2024-08,Home Gym / Garage Gym
2024-07-31,A home gym is the new playground for kids. 🤸‍♀️😍 #homegym,https://www.youtube.com/shorts/47YVZs29Fqo,MAJOR FITNESS,"Workout,Home,Health,Challenge","homegym,garagegym,fitness,workout,majorfitness",96,27.0,26000,美国,Sponsored,0.0465,86,4,0,Major Fitness,0.046511627906976744,0.0,0.046511627906976744,3.3076923076923075,1116.2790697674418,0.8958333333333334,Micro,2024-07,Home Gym / Garage Gym
2024-07-30,New Sprint Workout | Hitting Off-Speed | A Day In The Life of A College Baseball Player,https://www.youtube.com/watch?v=hbgp1WK338o,Isaiah’s Life,"Fitness,Baseball,Health","fitness,baseball,health,lifestyle,a day in the life",130,27.0,15100,美国,Sponsored,0.1089,2919,128,19,Major Fitness,0.043850633778691334,0.006509078451524495,0.050359712230215826,193.3112582781457,44.53579993148338,22.453846153846154,Micro,2024-07,Strength / Training
2024-07-29,Mark Rippetoe Has LOST His Mind - Bulking Advice Reaction,https://www.youtube.com/watch?v=pl48AtE_3PM,REVIVAL Fitness,"Health,Fitness","revivalfitness,religion,building,health,gym",1967,27.0,65400,美国,Suspected,0.2165,16615,657,294,Major Fitness,0.03954258200421306,0.017694854047547396,0.05723743605176046,254.05198776758408,118.3869996990671,8.446873411286223,Mid,2024-07,Strength / Training
2024-07-29,Major Fitness 2024 Half Year Home Gyms Showcase #homegym,https://www.youtube.com/shorts/QylnboV4fhs,MAJOR FITNESS,"Workout,Home,Health,Challenge","homegym,garagegym,fitness,workout,majorfitness",96,27.0,26000,美国,Sponsored,0.0208,432,9,0,Major Fitness,0.020833333333333332,0.0,0.020833333333333332,16.615384615384617,222.2222222222222,4.5,Micro,2024-07,Home Gym / Garage Gym
2024-07-28,Recovery Routine as a College Baseball Player and Hybrid Athlete,https://www.youtube.com/watch?v=4M2UI29KPsE,Isaiah’s Life,"Fitness,Baseball,Health","fitness,baseball,health,lifestyle,a day in the life",130,27.0,15100,美国,Sponsored,0.1457,2190,139,18,Major Fitness,0.06347031963470319,0.00821917808219178,0.07168949771689498,145.03311258278146,59.3607305936073,16.846153846153847,Micro,2024-07,Strength / Training
2024-07-26,Home gym is a good investment for the family! #homegym,https://www.youtube.com/shorts/i7W2RMR9sTI,MAJOR FITNESS,"Workout,Home,Health,Challenge","homegym,garagegym,fitness,workout,majorfitness",96,27.0,26000,美国,Sponsored,0.0326,1654,34,2,Major Fitness,0.020556227327690448,0.0012091898428053204,0.02176541717049577,63.61538461538461,58.041112454655384,17.229166666666668,Micro,2024-07,Home Gym / Garage Gym
2024-07-26,Alpha Dad: Honk for Reps Fitness Challenge,https://www.youtube.com/watch?v=FxnQU_KkxsQ,Ben Barker Fitness,"Workout,Health","fitness,gym,workout,health,lifestyle",82,27.0,12100,美国,Mentioned,0.1573,642,11,9,Major Fitness,0.017133956386292833,0.014018691588785047,0.03115264797507788,53.05785123966942,127.7258566978193,7.829268292682927,Micro,2024-07,Strength / Training
2024-07-25,Total Home Gym Solution | Major Fitness B52 Smith Machine,https://www.youtube.com/watch?v=pXy8hGR0UoQ,Gritty Soldier,"Military,Workout,Health,Sports","military,fitness,workout,usarmy,soldiers",366,27.0,176000,美国,Sponsored,0.0499,9960,247,25,Major Fitness,0.024799196787148595,0.0025100401606425703,0.027309236947791166,56.590909090909086,36.746987951807235,27.21311475409836,Macro,2024-07,Home Gym / Garage Gym
2024-07-25,My Morning Routine as A College Baseball Player and Hybrid Athlete | A Day In The Life,https://www.youtube.com/watch?v=ClHbUd5p5Mk,Isaiah’s Life,"Fitness,Baseball,Health","fitness,baseball,health,lifestyle,a day in the life",130,27.0,15100,美国,Sponsored,0.1442,3300,176,30,Major Fitness,0.05333333333333334,0.00909090909090909,0.062424242424242424,218.5430463576159,39.39393939393939,25.384615384615383,Micro,2024-07,Strength / Training
2024-07-24,Grow your chest with Coach Brody 🔥🔥🔥 #homegym,https://www.youtube.com/shorts/EnZiwJIe8BQ,MAJOR FITNESS,"Workout,Home,Health,Challenge","homegym,garagegym,fitness,workout,majorfitness",96,27.0,26000,美国,Sponsored,0.2117,24425,5100,7,Major Fitness,0.20880245649948823,0.0002865916069600819,0.20908904810644832,939.4230769230769,3.930399181166837,254.42708333333334,Micro,2024-07,Home Gym / Garage Gym
2024-07-24,"Honest Review of Major Fitness F22 All-In-One Rack, Bench, and Barbell Package",https://www.youtube.com/watch?v=mCf4O1nlcZA,Hybrid Resistance,"Health,Fitness","health,fitness,total gym,sliding bench trainer,gr8flex",165,27.0,60200,美国,Suspected,0.0689,2903,60,14,Major Fitness,0.020668274199104376,0.004822597313124354,0.02549087151222873,48.222591362126245,56.83775404753703,17.593939393939394,Mid,2024-07,Equipment Review
2024-07-23,WHY DO WE TRAIN,https://www.youtube.com/shorts/myyVpQ2qWyA,MAJOR FITNESS,"Workout,Home,Health,Challenge","homegym,garagegym,fitness,workout,majorfitness",96,27.0,26000,美国,Sponsored,0.0351,2276,80,0,Major Fitness,0.0351493848857645,0.0,0.0351493848857645,87.53846153846153,42.1792618629174,23.708333333333332,Micro,2024-07,Home Gym / Garage Gym
2024-07-22,My Life As a 19 Year Old Baseball Player and Content Creator,https://www.youtube.com/watch?v=PQQ0stN3ITQ,Isaiah’s Life,"Fitness,Baseball,Health","fitness,baseball,health,lifestyle,a day in the life",130,27.0,15100,美国,Suspected,0.235,1962,141,32,Major Fitness,0.07186544342507645,0.0163098878695209,0.08817533129459736,129.9337748344371,66.25891946992866,15.092307692307692,Micro,2024-07,Strength / Training
2024-07-22,What Happens in Fargo...,https://www.youtube.com/watch?v=69KEnnXdo60,Garage Gym Radio,"Fitness,Health","fitness,health,garage gym radio,lifestyle,garage gym experiment",100,27.0,4160,美国,Mentioned,0.3137,424,23,11,Major Fitness,0.054245283018867926,0.025943396226415096,0.08018867924528301,101.92307692307692,235.8490566037736,4.24,Nano,2024-07,Home Gym / Garage Gym
2024-07-22,A BETTER Way to Use Volume for Muscle Growth,https://www.youtube.com/watch?v=r3KQnIkbLWs,REVIVAL Fitness,"Health,Fitness","revivalfitness,religion,building,health,gym",1967,27.0,65400,美国,Suspected,0.2203,12478,569,218,Major Fitness,0.04560025645135438,0.017470748517390607,0.06307100496874499,190.79510703363914,157.63744189774002,6.343670564311133,Mid,2024-07,Strength / Training
2024-07-21,Major Fitness F22 heavy bench testing! Did it hold up? #homegymequipment #majorfitness #homegym,https://www.youtube.com/shorts/Qwh07xNUY2M,Luke’s Garage Gym,"Workout,Home,Travel,Health","fitness,budget,gym,gymequipment,titan",99,27.0,5500,美国,Sponsored,0.0434,1612,30,4,Major Fitness,0.018610421836228287,0.0024813895781637717,0.02109181141439206,293.09090909090907,61.41439205955335,16.282828282828284,Nano,2024-07,Home Gym / Garage Gym
2024-07-20,"Best Home Gym Setup?🔥, Major Fitness F22 Power Rack!",https://www.youtube.com/shorts/ecA0VJ2i_ZA,Reek Jones,"Basketball,Workout,Funny,VLOG","basketball,sports,workout,life,college",149,27.0,35800,美国,Mentioned,0.0766,940,52,2,Major Fitness,0.05531914893617021,0.002127659574468085,0.0574468085106383,26.256983240223462,158.51063829787233,6.308724832214765,Micro,2024-07,Home Gym / Garage Gym
2024-07-19,Unboxing and reviewing the BEST Home gym equipment? | Major Fitness F22 Power Rack,https://www.youtube.com/watch?v=2n4TTmnkiiA,Reek Jones,"Basketball,Workout,Funny,VLOG","basketball,sports,workout,life,college",149,27.0,35800,美国,Sponsored,0.08,1837,87,6,Major Fitness,0.04735982580293958,0.00326619488296135,0.05062602068590093,51.312849162011176,81.11050626020686,12.328859060402685,Micro,2024-07,Home Gym / Garage Gym
2024-07-18,I’m Going JUCO… A Day In The Life Of A College Baseball Player,https://www.youtube.com/watch?v=hXRvZ5yODRo,Isaiah’s Life,"Fitness,Baseball,Health","fitness,baseball,health,lifestyle,a day in the life",130,27.0,15100,美国,Sponsored,0.1239,7805,377,59,Major Fitness,0.04830237027546445,0.007559256886611147,0.05586162716207559,516.8874172185431,16.655989750160153,60.03846153846154,Micro,2024-07,Strength / Training
2024-07-18,"Major Athlete | The Power of Innovation, Perseverance, and Belief",https://www.youtube.com/watch?v=L6AwGg_7m90,MAJOR FITNESS,"Workout,Home,Health,Challenge","homegym,garagegym,fitness,workout,majorfitness",96,27.0,26000,美国,Sponsored,0.0786,229,8,1,Major Fitness,0.034934497816593885,0.004366812227074236,0.039301310043668124,8.807692307692308,419.2139737991266,2.3854166666666665,Micro,2024-07,Home Gym / Garage Gym
2024-07-17,Full Body Workout For Muscle Growth At Home #trainingvideo,https://www.youtube.com/shorts/t1Qilyi4BS8,MAJOR FITNESS,"Workout,Home,Health,Challenge","homegym,garagegym,fitness,workout,majorfitness",96,27.0,26000,美国,Suspected,0.0459,567,16,1,Major Fitness,0.02821869488536155,0.001763668430335097,0.029982363315696647,21.80769230769231,169.31216931216932,5.90625,Micro,2024-07,Home Gym / Garage Gym
2024-07-16,Meal Prep For The Week | INSANE Deadlift PR Day | A Day In The Life Training Hybrid,https://www.youtube.com/watch?v=3TfNtC5a47c,Isaiah’s Life,"Fitness,Baseball,Health","fitness,baseball,health,lifestyle,a day in the life",130,27.0,15100,美国,Suspected,0.13,2169,102,18,Major Fitness,0.04702627939142462,0.008298755186721992,0.05532503457814661,143.64238410596025,59.935454126325496,16.684615384615384,Micro,2024-07,Strength / Training
2024-07-16,Are You Getting A Deal or Wasting Your Money?,https://www.youtube.com/watch?v=3RFQ5og9uqM,Gym Crafter,"Fitness,Health","fitness,health,garage gym,home gym,gym",109,27.0,7550,美国,Mentioned,0.3998,833,43,29,Major Fitness,0.05162064825930372,0.03481392557022809,0.08643457382953182,110.33112582781457,130.85234093637453,7.6422018348623855,Nano,2024-07,Home Gym / Garage Gym
2024-07-15,We MUST stay strong because there're many moments we need to fight back. #majorfitness #staystrong,https://www.youtube.com/shorts/gng6fQlbfKE,MAJOR FITNESS,"Workout,Home,Health,Challenge","homegym,garagegym,fitness,workout,majorfitness",96,27.0,26000,美国,Mentioned,0.0258,466,12,0,Major Fitness,0.02575107296137339,0.0,0.02575107296137339,17.923076923076923,206.00858369098714,4.854166666666667,Micro,2024-07,Home Gym / Garage Gym
2024-07-13,How to Harness the Power of the Mind to Destroy Physical Barriers (Going Autopilot),https://www.youtube.com/watch?v=IjLm2zF0byI,Enkiri Elite Fitness,"Fitness,Health,Sports,Entertainment","fitness,bodybuilding,health,workout,enkirielitefitness",497,27.0,67600,美国,Suspected,0.1959,5264,421,61,Major Fitness,0.07997720364741641,0.011588145896656535,0.09156534954407294,77.8698224852071,94.41489361702128,10.591549295774648,Mid,2024-07,Strength / Training
2024-07-13,Remember Why You Started…. A Day In The Life,https://www.youtube.com/watch?v=V6FpMyEUaEI,Isaiah’s Life,"Fitness,Baseball,Health","fitness,baseball,health,lifestyle,a day in the life",130,27.0,15100,美国,Suspected,0.1348,2878,178,21,Major Fitness,0.06184850590687978,0.007296733842946491,0.06914523974982627,190.5960264900662,45.17025712300209,22.138461538461538,Micro,2024-07,Strength / Training
2024-07-13,Jubilee FAT vs FIT Men Middle Ground (Full Reaction),https://www.youtube.com/watch?v=aIc6DP84EZk,REVIVAL Fitness,"Health,Fitness","revivalfitness,religion,building,health,gym",1967,27.0,65400,美国,Suspected,0.2627,22596,906,503,Major Fitness,0.04009559214020181,0.022260577093290847,0.06235616923349265,345.50458715596335,87.05080545229244,11.487544483985765,Mid,2024-07,Strength / Training
2024-07-12,Assembly Walkthrough | Major Fitness F22 All-in-One Power Rack,https://www.youtube.com/watch?v=JfX30TPg3a0,MAJOR FITNESS,"Workout,Home,Health,Challenge","homegym,garagegym,fitness,workout,majorfitness",96,27.0,26000,美国,Sponsored,0.015,1334,20,0,Major Fitness,0.014992503748125937,0.0,0.014992503748125937,51.307692307692314,71.9640179910045,13.895833333333334,Micro,2024-07,Home Gym / Garage Gym
2024-07-09,Finding The Perfect Rack For Your Home Gym Pt. 1 | The GymCrafter Podcast,https://www.youtube.com/watch?v=NxTolOFOrl8,Gym Crafter,"Fitness,Health","fitness,health,garage gym,home gym,gym",109,27.0,7550,美国,Mentioned,0.2975,857,55,20,Major Fitness,0.06417736289381563,0.023337222870478413,0.08751458576429405,113.50993377483444,127.18786464410736,7.862385321100917,Nano,2024-07,Home Gym / Garage Gym
2024-07-08,An Honest & Detailed First Look: The Major Fitness B52 Combo Rack,https://www.youtube.com/watch?v=S2e0dCsX_pw,Gym Crafter,"Fitness,Health","fitness,health,garage gym,home gym,gym",109,27.0,7550,美国,Mentioned,0.3323,945,34,28,Major Fitness,0.03597883597883598,0.02962962962962963,0.0656084656084656,125.1655629139073,115.34391534391534,8.669724770642201,Nano,2024-07,Home Gym / Garage Gym
2024-07-08,How to fix the rubbing issue on the guide rods?,https://www.youtube.com/watch?v=n_JRdH0ct5g,MAJOR FITNESS,"Workout,Home,Health,Challenge","homegym,garagegym,fitness,workout,majorfitness",96,27.0,26000,美国,Sponsored,0.0549,273,5,1,Major Fitness,0.018315018315018316,0.003663003663003663,0.02197802197802198,10.5,351.64835164835165,2.84375,Micro,2024-07,Home Gym / Garage Gym
2024-07-08,Early Mornings and Late Nights… My Life as A College Baseball Player and Hybrid Athlete,https://www.youtube.com/watch?v=pa1d5wA8G4w,Isaiah’s Life,"Fitness,Baseball,Health","fitness,baseball,health,lifestyle,a day in the life",130,27.0,15100,美国,Suspected,0.1313,3693,155,33,Major Fitness,0.04197129704847008,0.008935824532900082,0.05090712158137016,244.56953642384104,35.20173300839426,28.407692307692308,Micro,2024-07,Strength / Training
2024-07-07,HunnyBuns Welcomes You To The Goody Room | MTV CRIBS,https://www.youtube.com/watch?v=WjGhC7OewVk,Jen Heward,"Fitness,Health,Home,VLOG","how to,google,jen heward,hunnybunsfit,fit",18,10.8,412000,美国,Suspected,0.1846,4675,373,49,Major Fitness,0.0797860962566845,0.010481283422459893,0.09026737967914439,11.347087378640778,3.8502673796791447,259.72222222222223,Macro,2024-07,Strength / Training
2024-07-06,Creating The Best Training Split As A Baseball Player and Hybrid Athlete | Week In My Life,https://www.youtube.com/watch?v=rjkkqia30yM,Isaiah’s Life,"Fitness,Baseball,Health","fitness,baseball,health,lifestyle,a day in the life",130,27.0,15100,美国,Suspected,0.1078,4647,201,30,Major Fitness,0.04325371207230471,0.006455777921239509,0.04970948999354422,307.7483443708609,27.97503765870454,35.746153846153845,Micro,2024-07,Strength / Training
2024-07-05,Surprise Best Friend With The Trending Home Gym,https://www.youtube.com/watch?v=wFnSGnxFcK8,MAJOR FITNESS,"Workout,Home,Health,Challenge","homegym,garagegym,fitness,workout,majorfitness",96,27.0,26000,美国,Sponsored,0.011,1360,15,0,Major Fitness,0.011029411764705883,0.0,0.011029411764705883,52.30769230769231,70.58823529411765,14.166666666666666,Micro,2024-07,Home Gym / Garage Gym
2024-07-05,Does Getting Ripped RUIN Your Life? (All My Side Effects),https://www.youtube.com/watch?v=7VEF3hfZkXA,REVIVAL Fitness,"Health,Fitness","revivalfitness,religion,building,health,gym",1967,27.0,65400,美国,Suspected,0.2902,10539,518,254,Major Fitness,0.049150773318151625,0.024100958345194042,0.07325173166334567,161.14678899082568,186.6400986810893,5.3579054397559736,Mid,2024-07,Strength / Training
2025-06-27,"Why HEAVY Kettlebell Swings Are the Secret Weapon for Power, Resilience, & Speed (UNDERRATED!)",https://www.youtube.com/watch?v=zVNuU1SkqDE,Enkiri Elite Fitness,"Fitness,Health,Sports,Entertainment","fitness,bodybuilding,health,workout,enkirielitefitness",497,27.0,68100,美国,Suspected,0.1052,25761,1249,146,RITFIT,0.0484841426963239,0.005667481852412562,0.05415162454873646,378.2819383259912,19.29272931951399,51.83299798792756,Mid,2025-06,Strength / Training
2025-06-26,Major Fitness Weight Plates: Which Makes the Most Sense for Your Home Gym?,https://www.youtube.com/shorts/zhQB2diqw_c,Luke’s Garage Gym,"Workout,Home,Travel,Health","fitness,budget,gym,gymequipment,titan",67,27.0,5580,美国,Suspected,0.0361,1220,24,2,RITFIT,0.019672131147540985,0.001639344262295082,0.021311475409836064,218.63799283154123,54.91803278688524,18.208955223880597,Nano,2025-06,Home Gym / Garage Gym
2025-06-24,Home Gym Equipment with a LIFETIME Warranty??,https://www.youtube.com/shorts/-N5SLzhA-XE,Luke’s Garage Gym,"Workout,Home,Travel,Health","fitness,budget,gym,gymequipment,titan",67,27.0,5580,美国,Suspected,0.0398,1483,19,4,RITFIT,0.012811867835468645,0.0026972353337828725,0.015509103169251517,265.77060931899643,45.17869184086312,22.134328358208954,Nano,2025-06,Home Gym / Garage Gym
2025-06-14,3 TRUTHS About Front Squats That Most Lifters Get Wrong (#2 is KEY!),https://www.youtube.com/watch?v=C9suNrO9mTI,Enkiri Elite Fitness,"Fitness,Health,Sports,Entertainment","fitness,bodybuilding,health,workout,enkirielitefitness",497,27.0,68100,美国,Suspected,0.0482,15840,234,53,RITFIT,0.014772727272727272,0.003345959595959596,0.018118686868686867,232.59911894273128,31.376262626262626,31.87122736418511,Mid,2025-06,Strength / Training
2025-06-09,The ULTIMATE Adjustable Bench!? RitFit BWB02 Review! (Most Versatile Bench I’ve Ever Used),https://www.youtube.com/watch?v=iIO3WKLzAwo,Enkiri Elite Fitness,"Fitness,Health,Sports,Entertainment","fitness,bodybuilding,health,workout,enkirielitefitness",497,27.0,68100,美国,Suspected,0.0159,33464,482,5,RITFIT,0.014403538130528328,0.00014941429595983742,0.014552952426488167,491.3950073421439,14.851781018407841,67.33199195171026,Mid,2025-06,Equipment Review
2025-06-02,"Weekend VLOG | Working Mom Life | Balancing Fitness, Family & Self Care",https://www.youtube.com/watch?v=nYyBP_bDioU,Life With Nathalie,"Fashion,Beauty,Clothing,Entertainment","fashion,beauty,clothing,entertainment,pregnancy",61,27.0,2120,美国,Suspected,2.7241,58,8,15,RITFIT,0.13793103448275862,0.25862068965517243,0.39655172413793105,27.358490566037737,1051.7241379310344,0.9508196721311475,Nano,2025-06,Strength / Training
2025-05-29,"Life in my 40s | Balancing work, life, grief & gratitude",https://www.youtube.com/watch?v=SgXpK07tQds,Mikee Rogers,"Food,VLOG,Fashion,Home","food,vlog,vlogger,lgbt,mukbang",139,27.0,18600,美国,Suspected,0.3168,2724,173,69,RITFIT,0.06350954478707782,0.025330396475770924,0.08883994126284875,146.45161290322582,51.02790014684288,19.597122302158272,Micro,2025-05,Lifestyle / Vlog
2025-05-24,How to Build Savage Power in One Brutal Lift (Become a FREAK ATHLETE!),https://www.youtube.com/watch?v=aofT-S--yDY,Enkiri Elite Fitness,"Fitness,Health,Sports,Entertainment","fitness,bodybuilding,health,workout,enkirielitefitness",497,27.0,68100,美国,Suspected,0.2079,4348,254,65,RITFIT,0.05841766329346826,0.014949402023919043,0.0733670653173873,63.84728340675478,114.30542778288869,8.748490945674044,Mid,2025-05,Strength / Training
2025-05-23,🔥RitFit Gazelle Pro Leg Press vs BLP01 Leg Press,https://www.youtube.com/watch?v=3xz0y35pjs4,RitFit.Sports,"Workout,Home,Health","fitness,home,workout,ritfit,homegym",100,27.0,4050,美国,Sponsored,0.0,353730,10,0,RITFIT,2.8270149549091113e-05,0.0,2.8270149549091113e-05,87340.74074074074,0.28270149549091117,3537.3,Nano,2025-05,Home Gym / Garage Gym
2025-05-22,Decluttering VLOG and getting rid of 80% of my clothes | Homeowner Diaries,https://www.youtube.com/watch?v=ZAWRgfIk29A,Mikee Rogers,"Food,VLOG,Fashion,Home","food,vlog,vlogger,lgbt,mukbang",139,27.0,18600,美国,Suspected,0.1861,5137,236,72,RITFIT,0.04594121082343781,0.01401596262409967,0.059957173447537475,276.18279569892474,27.05859451041464,36.9568345323741,Micro,2025-05,Lifestyle / Vlog
2025-05-17,Starting 75 Soft in my 40s (tough but rewarding),https://www.youtube.com/watch?v=YNTrm9MQy4g,Mikee Rogers,"Food,VLOG,Fashion,Home","food,vlog,vlogger,lgbt,mukbang",139,27.0,18600,美国,Suspected,0.2747,2592,152,56,RITFIT,0.05864197530864197,0.021604938271604937,0.08024691358024691,139.3548387096774,53.626543209876544,18.64748201438849,Micro,2025-05,Lifestyle / Vlog
2025-05-17,Leg Press for Hypertrophy? I Changed My Mind,https://www.youtube.com/watch?v=uU8HghjE9g8,Science Based Fitness,"Fitness,Health","fitness,health,lifestyle,science based fitness,gym",79,27.0,4390,美国,Suspected,0.0112,1513,17,0,RITFIT,0.011235955056179775,0.0,0.011235955056179775,344.6469248291572,52.21414408460013,19.151898734177216,Nano,2025-05,Strength / Training
2025-05-15,Heavy-Duty Bench with Adjustable Headrest | RitFit BWB02 Review,https://www.youtube.com/watch?v=GFHiotRt5Oc,Challenge Theory,"Health,Fitness,Sports","diet,transformation,fasting,health,lose weight",103,27.0,13200,美国,Suspected,0.1722,389,17,5,RITFIT,0.043701799485861184,0.012853470437017995,0.056555269922879174,29.46969696969697,264.7814910025707,3.7766990291262137,Micro,2025-05,Equipment Review
2025-05-08,Major Fitness F22 Pro Power Rack REVIEW (The Best Budget Rack Upgrade of 2025!?),https://www.youtube.com/watch?v=pX5Kq_MKZRs,Enkiri Elite Fitness,"Fitness,Health,Sports,Entertainment","fitness,bodybuilding,health,workout,enkirielitefitness",497,27.0,68100,美国,Suspected,0.0147,18546,83,19,RITFIT,0.004475358567885258,0.001024479672166505,0.005499838240051763,272.3348017621146,26.798231424565945,37.3158953722334,Mid,2025-05,Equipment Review
2025-05-08,Redefining My 40s | Birthday Vlog,https://www.youtube.com/watch?v=iEVD9LHGuRQ,Mikee Rogers,"Food,VLOG,Fashion,Home","food,vlog,vlogger,lgbt,mukbang",139,27.0,18600,美国,Suspected,0.5767,2537,173,129,RITFIT,0.06819077650768625,0.05084745762711865,0.11903823413480488,136.39784946236557,54.78912100906583,18.25179856115108,Micro,2025-05,Lifestyle / Vlog
2025-04-26,Easter KBBQ Feast & the Most EXPENSIVE Pop Mart,https://www.youtube.com/watch?v=2aYel8xK8ac,Mikee Rogers,"Food,VLOG,Fashion,Home","food,vlog,vlogger,lgbt,mukbang",139,27.0,18600,美国,Suspected,0.3673,2352,154,71,RITFIT,0.06547619047619048,0.03018707482993197,0.09566326530612244,126.45161290322582,59.09863945578232,16.92086330935252,Micro,2025-04,Lifestyle / Vlog
2025-04-24,New arrivals | RitFit 3-Section Adjustable Weight Bench BWB02,https://www.youtube.com/watch?v=K-r1-oh1J_o,RitFit.Sports,"Workout,Home,Health","fitness,home,workout,ritfit,homegym",100,27.0,4050,美国,Sponsored,0.0893,291,6,2,RITFIT,0.020618556701030927,0.006872852233676976,0.027491408934707903,71.85185185185185,343.64261168384877,2.91,Nano,2025-04,Home Gym / Garage Gym
2025-04-24,Ultimate Ritfit Gazelle Guide: Get Stronger Legs Fast,https://www.youtube.com/watch?v=qne7MS42YGA,Jeff Does What!,"DIY,Pets,Unboxing,Fishing","diy,pets,aquarium,fish,texas fish room",166,27.0,31200,美国,Suspected,0.0692,31319,2076,9,RITFIT,0.06628564130400076,0.00028736549698266226,0.06657300680098342,1003.8141025641025,5.300296944346882,188.66867469879517,Micro,2025-04,DIY / Build
2025-04-20,Game Changer or Home Gym Mistake? RitFit Adjustable Weight Bench Review,https://www.youtube.com/watch?v=WHY80GI-9HM,Maguire’s Gym,,,5,14.0,1950,其他,Suspected,0.1869,765,23,12,RITFIT,0.030065359477124184,0.01568627450980392,0.0457516339869281,392.3076923076923,6.5359477124183005,153.0,Nano,2025-04,Home Gym / Garage Gym
2025-04-20,RitFit Buffalo Smith Machine has you covered for a full-body workout 🔥,https://www.youtube.com/shorts/XQtkfOvaskA,RitFit.Sports,"Workout,Home,Health","fitness,home,workout,ritfit,homegym",100,27.0,4050,美国,Sponsored,0.0381,2809,97,1,RITFIT,0.034531861872552506,0.000355998576005696,0.034887860448558204,693.5802469135803,35.5998576005696,28.09,Nano,2025-04,Home Gym / Garage Gym
2025-04-16,First Time Vlogging on Canon Powershot V1,https://www.youtube.com/watch?v=KSlF96fXr8g,Mikee Rogers,"Food,VLOG,Fashion,Home","food,vlog,vlogger,lgbt,mukbang",139,27.0,18600,美国,Suspected,0.1508,9784,335,114,RITFIT,0.034239574816026165,0.011651676206050695,0.04589125102207686,526.0215053763441,14.206868356500408,70.38848920863309,Micro,2025-04,Lifestyle / Vlog
2025-04-13,Don’t Make THIS Mistake Installing the RitFit M1 Weight Stack Set,https://www.youtube.com/watch?v=S70U5B2tjSs,Challenge Theory,"Health,Fitness,Sports","diet,transformation,fasting,health,lose weight",103,27.0,13200,美国,Suspected,0.2123,669,22,12,RITFIT,0.03288490284005979,0.017937219730941704,0.05082212257100149,50.68181818181818,153.96113602391628,6.495145631067961,Micro,2025-04,Strength / Training
2025-04-12,Still Running Push Pull Legs? Time to Grow Up! (DO THIS INSTEAD),https://www.youtube.com/watch?v=drqT1M6XyUY,Enkiri Elite Fitness,"Fitness,Health,Sports,Entertainment","fitness,bodybuilding,health,workout,enkirielitefitness",497,27.0,68100,美国,Suspected,0.1341,22083,1121,184,RITFIT,0.05076303038536431,0.008332201240773445,0.05909523162613775,324.273127753304,22.506000090567404,44.43259557344064,Mid,2025-04,Strength / Training
2025-04-06,Solo Date Q&A,https://www.youtube.com/watch?v=cV9P93OlkDM,Mikee Rogers,"Food,VLOG,Fashion,Home","food,vlog,vlogger,lgbt,mukbang",139,27.0,18600,美国,Suspected,0.4518,2501,190,94,RITFIT,0.07596961215513795,0.03758496601359456,0.1135545781687325,134.46236559139786,55.577768892443025,17.992805755395683,Micro,2025-04,Lifestyle / Vlog
2025-04-04,10 Rules That Will Transform Your Home Gym Workouts,https://www.youtube.com/watch?v=WRBO6gyFaiw,Maguire’s Gym,,,5,14.0,1950,其他,Suspected,0.1333,2490,112,22,RITFIT,0.04497991967871486,0.008835341365461847,0.05381526104417671,1276.923076923077,2.008032128514056,498.0,Nano,2025-04,Home Gym / Garage Gym
2025-04-01,Which Rack Are You Choosing?? | RitFit Rack Face Off:  M1 2.0 vs Buffalo Rack,https://www.youtube.com/shorts/dGBkbpd0bX0,Luke’s Garage Gym,"Workout,Home,Travel,Health","fitness,budget,gym,gymequipment,titan",67,27.0,5580,美国,Suspected,0.0214,1077,23,0,RITFIT,0.02135561745589601,0.0,0.02135561745589601,193.01075268817206,62.20984215413185,16.074626865671643,Nano,2025-04,Equipment Review
2025-03-30,RitFit Racks Face Off - Which One Actually Delivers Results?,https://www.youtube.com/shorts/FcWaizjUBds,Luke’s Garage Gym,"Workout,Home,Travel,Health","fitness,budget,gym,gymequipment,titan",67,27.0,5580,美国,Suspected,0.0406,2192,29,6,RITFIT,0.01322992700729927,0.002737226277372263,0.015967153284671534,392.831541218638,30.565693430656935,32.71641791044776,Nano,2025-03,Equipment Review
2025-03-28,RitFit PLC01 REVIEW || My Experience with a Budget Leg Extension & Curl Machine (Is It Worth It? ),https://www.youtube.com/watch?v=_dA4MvWYmWk,Enkiri Elite Fitness,"Fitness,Health,Sports,Entertainment","fitness,bodybuilding,health,workout,enkirielitefitness",497,27.0,68100,美国,Suspected,0.0275,13084,110,25,RITFIT,0.00840721491898502,0.0019107306634056863,0.010317945582390705,192.12922173274598,37.98532558850504,26.32595573440644,Mid,2025-03,Equipment Review
2025-03-28,Budget Home Gym Equipment Face Off - M1 2.0 or Buffalo Rack from Ritfit,https://www.youtube.com/watch?v=Y4L4x8_QSuw,Luke’s Garage Gym,"Workout,Home,Travel,Health","fitness,budget,gym,gymequipment,titan",67,27.0,5580,美国,Suspected,0.2719,1725,59,41,RITFIT,0.034202898550724635,0.023768115942028985,0.057971014492753624,309.13978494623655,38.84057971014493,25.746268656716417,Nano,2025-03,Home Gym / Garage Gym
2025-03-22,Why Conjugate Training Is the Ultimate Way to Train for Life (The Conjugate REVOLUTION!),https://www.youtube.com/watch?v=T9sw-Uqqs9w,Enkiri Elite Fitness,"Fitness,Health,Sports,Entertainment","fitness,bodybuilding,health,workout,enkirielitefitness",497,27.0,68100,美国,Suspected,0.1232,12268,602,91,RITFIT,0.04907075317900228,0.007417671992174764,0.05648842517117705,180.14684287812042,40.5119008803391,24.6841046277666,Mid,2025-03,Strength / Training
2025-03-18,Merach NovaRow R50 REVIEW || Budget Rower That Beats a Concept2!? (My Honest Experience),https://www.youtube.com/watch?v=BGKqPLUTu0w,Enkiri Elite Fitness,"Fitness,Health,Sports,Entertainment","fitness,bodybuilding,health,workout,enkirielitefitness",497,27.0,68100,美国,Suspected,0.0157,10279,81,8,RITFIT,0.007880143982877712,0.0007782858254694036,0.008658429808347115,150.93979441997064,48.3510069072867,20.68209255533199,Mid,2025-03,Equipment Review
2025-03-08,"RitFit M1 Pro Review, Build & Demo | 10 Reasons It's the New King of All-In-One Budget Home Gyms!",https://www.youtube.com/watch?v=hQnUnk2xiFQ,Challenge Theory,"Health,Fitness,Sports","diet,transformation,fasting,health,lose weight",103,27.0,13200,美国,Suspected,0.0482,29137,613,79,RITFIT,0.02103854205992381,0.002711329237738957,0.023749871297662765,2207.348484848485,3.5350241960393998,282.88349514563106,Micro,2025-03,Home Gym / Garage Gym
2025-03-08,RITFIT Calls for Real Strength to Accelerate Action on International Women's Day,https://www.youtube.com/watch?v=Clwcq_-x9G0,RitFit.Sports,"Workout,Home,Health","fitness,home,workout,ritfit,homegym",100,27.0,4050,美国,Sponsored,0.0002,110374,8,1,RITFIT,7.248083787848587e-05,9.060104734810734e-06,8.15409426132966e-05,27252.83950617284,0.9060104734810734,1103.74,Nano,2025-03,Home Gym / Garage Gym
2025-03-07,What I Eat in a Week | Realistic Dinners,https://www.youtube.com/watch?v=Nukdu4K26pE,Mikee Rogers,"Food,VLOG,Fashion,Home","food,vlog,vlogger,lgbt,mukbang",139,27.0,18600,美国,Suspected,0.3201,3202,195,83,RITFIT,0.060899437851342914,0.025921299188007497,0.0868207370393504,172.1505376344086,43.4103685196752,23.035971223021583,Micro,2025-03,Lifestyle / Vlog
2025-03-07,I wanna build a body that's UNSTOPPABLE (Global Carryover: The Key to Unlocking Your Full Potential),https://www.youtube.com/watch?v=81cD1eyVxxk,Enkiri Elite Fitness,"Fitness,Health,Sports,Entertainment","fitness,bodybuilding,health,workout,enkirielitefitness",497,27.0,68100,美国,Suspected,0.1236,22664,1262,154,RITFIT,0.05568302153194493,0.006794917049064595,0.06247793858100953,332.80469897209986,21.92905047652665,45.601609657947684,Mid,2025-03,Strength / Training
2025-02-28,Early 40s Diaries | Baby Shower Decor Ideas,https://www.youtube.com/watch?v=HP3SrfK-mqc,Mikee Rogers,"Food,VLOG,Fashion,Home","food,vlog,vlogger,lgbt,mukbang",139,27.0,18600,美国,Suspected,0.3172,2623,152,68,RITFIT,0.05794891345787267,0.025924513915364086,0.08387342737323675,141.0215053763441,52.99275638581777,18.8705035971223,Micro,2025-02,Lifestyle / Vlog
2025-02-25,Stand Back!,https://www.youtube.com/shorts/COVAjCcclJQ,NoFate247,"Fitness,Home,Health,Food","nofate247,5f3b28f9517b0,a_aid,fitness,homegym",107,27.0,26100,美国,Suspected,0.1374,604,23,6,RITFIT,0.0380794701986755,0.009933774834437087,0.048013245033112585,23.14176245210728,177.1523178807947,5.644859813084112,Micro,2025-02,Home Gym / Garage Gym
2025-02-22,"How to Train Like an Athlete in 2025: Get Faster, Stronger & More Explosive (The ULTIMATE Guide!)",https://www.youtube.com/watch?v=fuiuaRiZOPA,Enkiri Elite Fitness,"Fitness,Health,Sports,Entertainment","fitness,bodybuilding,health,workout,enkirielitefitness",497,27.0,68100,美国,Suspected,0.0408,28723,611,56,RITFIT,0.021272151237684087,0.0019496570692476413,0.023221808306931727,421.776798825257,17.30320648957282,57.79275653923541,Mid,2025-02,Strength / Training
2025-02-22,A few cozy days in my life,https://www.youtube.com/watch?v=7Ps5YhozzKg,Mikee Rogers,"Food,VLOG,Fashion,Home","food,vlog,vlogger,lgbt,mukbang",139,27.0,18600,美国,Suspected,0.471,2998,202,121,RITFIT,0.06737825216811208,0.04036024016010674,0.10773849232821882,161.18279569892474,46.364242828552364,21.568345323741006,Micro,2025-02,Lifestyle / Vlog
2025-02-21,Watch This BEFORE Buying A Smith Machine For Your Home Gym! Ritfit Buffalo Smith Machine Review,https://www.youtube.com/watch?v=HZPAn3p6PPY,Luke’s Garage Gym,"Workout,Home,Travel,Health","fitness,budget,gym,gymequipment,titan",67,27.0,5580,美国,Suspected,0.0666,6055,73,33,RITFIT,0.012056151940545004,0.0054500412881915775,0.01750619322873658,1085.1254480286739,11.065235342691992,90.3731343283582,Nano,2025-02,Home Gym / Garage Gym
2025-02-21,"HOME TOUR of our fully remodeled, average sized house in Colorado 🏡",https://www.youtube.com/watch?v=puBdhYtVT9k,kenzie mac,"Life Style,Home,DIY,Fashion","kenziemac,hobby,home,life style,prettyandpractical",1334,14.0,53900,其他,Suspected,0.0566,79242,2637,185,RITFIT,0.03327780722344211,0.0023346205295171753,0.03561242775295929,1470.1669758812616,16.834506953383304,59.40179910044977,Mid,2025-02,Lifestyle / Vlog
2025-02-15,DEATH BY PUSH-UPS (Intense Home Gym Calisthenics Workout!),https://www.youtube.com/watch?v=DvXWuLXBZZI,Enkiri Elite Fitness,"Fitness,Health,Sports,Entertainment","fitness,bodybuilding,health,workout,enkirielitefitness",497,27.0,68100,美国,Suspected,0.171,3205,168,38,RITFIT,0.052418096723868955,0.01185647425897036,0.06427457098283931,47.06314243759178,155.07020280811233,6.448692152917505,Mid,2025-02,Home Gym / Garage Gym
2025-02-14,Home Decor Updates | Early 40s Diaries,https://www.youtube.com/watch?v=UMTiqpJbac0,Mikee Rogers,"Food,VLOG,Fashion,Home","food,vlog,vlogger,lgbt,mukbang",139,27.0,18600,美国,Suspected,0.2899,3153,204,71,RITFIT,0.06470028544243578,0.02251823660006343,0.0872185220424992,169.51612903225808,44.08499841420869,22.68345323741007,Micro,2025-02,Lifestyle / Vlog
2025-02-14,How To Assemble | RitFit RitFit BUFFALO Multifunctional Smith Machine,https://www.youtube.com/watch?v=14hxeBcleGM,RitFit.Sports,"Workout,Home,Health","fitness,home,workout,ritfit,homegym",100,27.0,4050,美国,Sponsored,0.0838,859,12,6,RITFIT,0.013969732246798603,0.006984866123399301,0.020954598370197905,212.09876543209876,116.41443538998836,8.59,Nano,2025-02,Home Gym / Garage Gym
2025-02-08,The Best FREE Weighted Calisthenics Program (To Get Insanely Jacked & Strong in 2025!),https://www.youtube.com/watch?v=ZoQdp6C3y-w,Enkiri Elite Fitness,"Fitness,Health,Sports,Entertainment","fitness,bodybuilding,health,workout,enkirielitefitness",497,27.0,68100,美国,Suspected,0.0459,21587,480,51,RITFIT,0.02223560476212535,0.002362533005975819,0.024598137768101172,316.98972099853154,23.023115764117293,43.43460764587525,Mid,2025-02,Strength / Training
2025-02-07,EXTREME HOME MAKEOVER! pt. 2 - entire house remodel from start to finish,https://www.youtube.com/watch?v=yK6AMYRO_mg,kenzie mac,"Life Style,Home,DIY,Fashion","kenziemac,hobby,home,life style,prettyandpractical",1334,14.0,53900,其他,Suspected,0.0508,53738,1390,134,RITFIT,0.025866239904722914,0.0024935799620380366,0.028359819866760953,996.9944341372913,24.824146786259256,40.28335832083958,Mid,2025-02,Lifestyle / Vlog
2025-02-06,How Much I Made in 2024 as a Small Creator (And How To Make it Work),https://www.youtube.com/watch?v=cRbOEES9yIE,Mikee Rogers,"Food,VLOG,Fashion,Home","food,vlog,vlogger,lgbt,mukbang",139,27.0,18600,美国,Suspected,0.275,7443,457,159,RITFIT,0.061399973129114604,0.021362353889560662,0.08276232701867527,400.1612903225806,18.675265349993282,53.54676258992806,Micro,2025-02,Lifestyle / Vlog
2025-02-04,Nuestro GYM En Casa + Entrenando Después De Mucho Tiempo + Mi Bebé Tiene Problemas En La Piel,https://www.youtube.com/watch?v=Z6eaBVmwSxo,Carol Chang,"Haul,VLOG,Beauty,Fitness","vlogs,vlogsdiarios,vlogsdiariosdefamilias,mividadiaria,vlogstodoslosdias",350,27.0,330000,美国,Suspected,0.1841,8484,802,76,RITFIT,0.09453088165959453,0.008958038661008957,0.10348892032060349,25.70909090909091,41.254125412541256,24.24,Macro,2025-02,Strength / Training
2025-02-01,Best value All in One Home Gym Power Rack | RitFit Buffalo Smith Machine Review,https://www.youtube.com/watch?v=IogTsS_hkvg,NoFate247,"Fitness,Home,Health,Food","nofate247,5f3b28f9517b0,a_aid,fitness,homegym",107,27.0,26100,美国,Suspected,0.2076,4567,138,81,RITFIT,0.030216772498357785,0.0177359316838187,0.04795270418217648,174.9808429118774,23.42894679220495,42.6822429906542,Micro,2025-02,Home Gym / Garage Gym
2025-02-01,I Built My Dream Garage & Home Gym ONLY $2000,https://www.youtube.com/watch?v=GNt2zbRC-xY,RitFit.Sports,"Workout,Home,Health","fitness,home,workout,ritfit,homegym",100,27.0,4050,美国,Sponsored,0.037,2406,29,6,RITFIT,0.012053200332502078,0.0024937655860349127,0.014546965918536992,594.0740740740741,41.56275976724855,24.06,Nano,2025-02,Home Gym / Garage Gym
2025-01-25,"The HELLACIOUS HAMSTRINGS Vlog || Heavy Hamstrings, Fast Hamstrings, Volume, & Overload!",https://www.youtube.com/watch?v=NNHhpQLUH1I,Enkiri Elite Fitness,"Fitness,Health,Sports,Entertainment","fitness,bodybuilding,health,workout,enkirielitefitness",497,27.0,68100,美国,Suspected,0.1801,3037,187,36,RITFIT,0.06157392163319065,0.011853803095159697,0.07342772472835035,44.59618208516887,163.6483371748436,6.110663983903421,Mid,2025-01,Strength / Training
2025-01-25,What it’s like to be a creator in your 40s,https://www.youtube.com/watch?v=rjg8v20tRSU,Mikee Rogers,"Food,VLOG,Fashion,Home","food,vlog,vlogger,lgbt,mukbang",139,27.0,18600,美国,Suspected,0.2906,3366,198,78,RITFIT,0.058823529411764705,0.023172905525846704,0.08199643493761141,180.96774193548387,41.29530600118835,24.215827338129497,Micro,2025-01,Lifestyle / Vlog
2025-01-17,"How to Become a Leg Day FREAK (The 6 Pillars to Insane Strength, Aesthetics, & Explosive Power)",https://www.youtube.com/watch?v=yzzuB_Xhyys,Enkiri Elite Fitness,"Fitness,Health,Sports,Entertainment","fitness,bodybuilding,health,workout,enkirielitefitness",497,27.0,68100,美国,Suspected,0.0111,140573,796,76,RITFIT,0.005662538325282949,0.0005406443627154575,0.006203182687998406,2064.214390602056,3.535529582494505,282.8430583501006,Mid,2025-01,Strength / Training
2025-01-16,"INSANE CALISTHENICS GAINS Vlog || Strength, Hypertrophy, & Muscular Endurance!",https://www.youtube.com/watch?v=huCwzCLJK1I,Enkiri Elite Fitness,"Fitness,Health,Sports,Entertainment","fitness,bodybuilding,health,workout,enkirielitefitness",497,27.0,68100,美国,Suspected,0.1659,3394,223,34,RITFIT,0.06570418385385975,0.010017678255745434,0.07572186210960519,49.838472834067545,146.43488509133763,6.82897384305835,Mid,2025-01,Strength / Training
2025-01-16,It's hard to vlog when you're in a funk,https://www.youtube.com/watch?v=-SC4uVEMyB8,Mikee Rogers,"Food,VLOG,Fashion,Home","food,vlog,vlogger,lgbt,mukbang",139,27.0,18600,美国,Suspected,0.485,2569,216,103,RITFIT,0.08407940833008953,0.04009342156481121,0.12417282989490074,138.11827956989248,54.1066562864928,18.48201438848921,Micro,2025-01,Lifestyle / Vlog
2025-01-11,RitFit Buffalo Smith Machine Review: The Budget Beast You Need in Your Home Gym!,https://www.youtube.com/watch?v=N4hDIDWtEig,Maguire’s Gym,,,5,14.0,1950,其他,Suspected,0.0097,12669,23,10,RITFIT,0.0018154550477543611,0.0007893282816323309,0.002604783329386692,6496.923076923076,0.39466414081616547,2533.8,Nano,2025-01,Home Gym / Garage Gym
2025-01-10,Is RitFit's Attachment the Best Hack Squat for Your Home Gym?? FIND OUT!,https://www.youtube.com/watch?v=rPPE4rmECrA,Luke’s Garage Gym,"Workout,Home,Travel,Health","fitness,budget,gym,gymequipment,titan",67,27.0,5580,美国,Suspected,0.1999,4653,150,78,RITFIT,0.032237266279819474,0.016763378465506126,0.049000644745325596,833.8709677419355,14.399312271652697,69.44776119402985,Nano,2025-01,Home Gym / Garage Gym
2025-01-09,Use Ritfit M1 Smith Machine Built Dream Garage & Home Gym,https://www.youtube.com/watch?v=0tdoxYjNp2M,RitFit.Sports,"Workout,Home,Health","fitness,home,workout,ritfit,homegym",100,27.0,4050,美国,Sponsored,0.0009,17424,15,0,RITFIT,0.0008608815426997245,0.0,0.0008608815426997245,4302.222222222223,5.739210284664829,174.24,Nano,2025-01,Home Gym / Garage Gym
2025-01-09,"RitFit PLC01 Leg Extension Curl Machine, the ultimate secret to shaping perfect legs.",https://www.youtube.com/watch?v=C0NZbqguYjM,RitFit.Sports,"Workout,Home,Health","fitness,home,workout,ritfit,homegym",100,27.0,4050,美国,Suspected,0.0006,22178,14,0,RITFIT,0.000631256199837677,0.0,0.000631256199837677,5476.04938271605,4.508972855983408,221.78,Nano,2025-01,Home Gym / Garage Gym
2025-01-07,Get Fit at Home: Complete DIY Gym Build Tutorial with RitFit Equipment,https://www.youtube.com/watch?v=R9GrkL8Kow8,Create 208,"Home,DIY,Life Style,Vehicle","house,shop,home,building,how to",198,14.0,78800,其他,Suspected,0.0479,8837,283,14,RITFIT,0.03202444268416883,0.0015842480479800838,0.03360869073214892,112.14467005076142,22.405793821432614,44.63131313131313,Mid,2025-01,Equipment Review
2025-01-04,"New Year, New Obsession | Pop Mart Diaries",https://www.youtube.com/watch?v=sgzwoEwyxY0,Mikee Rogers,"Food,VLOG,Fashion,Home","food,vlog,vlogger,lgbt,mukbang",139,27.0,18600,美国,Suspected,0.2385,3853,219,70,RITFIT,0.05683882688813911,0.018167661562418894,0.075006488450558,207.1505376344086,36.07578510251752,27.719424460431654,Micro,2025-01,Lifestyle / Vlog
2024-12-30,2024 Equipment Review Compilation Video.,https://www.youtube.com/watch?v=5Sxh17CLa78,Maguire’s Gym,,,5,14.0,1950,其他,Suspected,0.3619,210,16,6,RITFIT,0.0761904761904762,0.02857142857142857,0.10476190476190476,107.6923076923077,23.809523809523807,42.0,Nano,2024-12,Equipment Review
2024-12-28,Survived my first year as an older content creator (in my 40s),https://www.youtube.com/watch?v=br7GVb5rsGk,Mikee Rogers,"Food,VLOG,Fashion,Home","food,vlog,vlogger,lgbt,mukbang",139,27.0,18600,美国,Suspected,0.3322,5126,323,138,RITFIT,0.0630120952009364,0.026921576277799453,0.08993367147873586,275.59139784946234,27.116660163870463,36.87769784172662,Micro,2024-12,Lifestyle / Vlog
2024-12-28,Never Lift Slow ON PURPOSE (Why Tempo Lifting is OVERRATED For Hypertrophy),https://www.youtube.com/watch?v=Xz1ezl2ndro,Enkiri Elite Fitness,"Fitness,Health,Sports,Entertainment","fitness,bodybuilding,health,workout,enkirielitefitness",497,27.0,68100,美国,Suspected,0.1699,11172,428,147,RITFIT,0.03831006086645184,0.013157894736842105,0.05146795560329395,164.05286343612335,44.48621553884711,22.47887323943662,Mid,2024-12,Strength / Training
2024-12-24,New Obsession Unlocked: Pop Mart 😭,https://www.youtube.com/watch?v=FmRQyGvAUv0,Mikee Rogers,"Food,VLOG,Fashion,Home","food,vlog,vlogger,lgbt,mukbang",139,27.0,18600,美国,Suspected,0.2329,6487,341,117,RITFIT,0.05256667180514876,0.018036072144288578,0.07060274394943733,348.76344086021504,21.427470325265915,46.669064748201436,Micro,2024-12,Lifestyle / Vlog
2024-12-18,"Tiny Camera, Huge Potential | Insta360 GO 3S Vlog",https://www.youtube.com/watch?v=ct4qHoGCyxE,Mikee Rogers,"Food,VLOG,Fashion,Home","food,vlog,vlogger,lgbt,mukbang",139,27.0,18600,美国,Suspected,0.0764,23062,593,117,RITFIT,0.02571329459717284,0.005073280721533258,0.030786575318706096,1239.8924731182797,6.0272309426762645,165.9136690647482,Micro,2024-12,Lifestyle / Vlog
2024-12-16,The Perfect Full-Body Workout Using Only the Smith Machine,https://www.youtube.com/watch?v=o4JMOI38rUM,Brett Maverick,"Health,Fashion,Hairstyle,Beauty","looksmax,glowup,glowuptips,selfimprovement,tips",1004,14.0,1810000,其他,Suspected,0.0568,15221,494,37,RITFIT,0.03245516063333553,0.0024308521122133895,0.034886012745548915,8.40939226519337,65.961500558439,15.160358565737052,Mega,2024-12,Strength / Training
2024-12-14,Why You’re Plateauing in the Gym (And How To BREAK THROUGH It!),https://www.youtube.com/watch?v=7T2aFhoRaIo,Enkiri Elite Fitness,"Fitness,Health,Sports,Entertainment","fitness,bodybuilding,health,workout,enkirielitefitness",497,27.0,68100,美国,Suspected,0.1157,6025,307,39,RITFIT,0.05095435684647303,0.006473029045643153,0.057427385892116184,88.47283406754772,82.4896265560166,12.122736418511066,Mid,2024-12,Strength / Training
2024-12-10,The TRUTH About Sponsorships for Small Creators | Days in my life VLOG,https://www.youtube.com/watch?v=gT3RcVqxQRY,Mikee Rogers,"Food,VLOG,Fashion,Home","food,vlog,vlogger,lgbt,mukbang",139,27.0,18600,美国,Suspected,0.4125,3411,257,115,RITFIT,0.0753444737613603,0.0337144532395192,0.1090589270008795,183.38709677419354,40.75051304602756,24.53956834532374,Micro,2024-12,Lifestyle / Vlog
2024-12-08,How I Built the Ultimate Home Gym with RitFit,https://www.youtube.com/watch?v=gbNgcskXzOo,VICTORIA XAVIER,"Fashion,Clothing,Travel,VLOG","fashion,tryonhaul,clothing,try on,fashionnova",2573,27.0,639000,美国,Suspected,0.0937,24310,1497,78,RITFIT,0.06157959687371452,0.0032085561497326204,0.06478815302344713,38.04381846635368,105.84121760592349,9.448115040808394,Mega,2024-12,Home Gym / Garage Gym
2024-12-07,"FREAKY NATTY BACK Vlog || 365x8 Deficit Stiff Leg Deadlift, ATG Pause Hatfield Squat, 1 Leg Sit-ups",https://www.youtube.com/watch?v=QtMV1xofKFQ,Enkiri Elite Fitness,"Fitness,Health,Sports,Entertainment","fitness,bodybuilding,health,workout,enkirielitefitness",497,27.0,68100,美国,Suspected,0.1886,3452,201,45,RITFIT,0.05822711471610661,0.013035921205098494,0.0712630359212051,50.690161527165934,143.97450753186558,6.945674044265593,Mid,2024-12,Strength / Training
2024-12-06,The New Gold Standard for Leg Ext/Curl Machines // Ritfit PLC01 Review!,https://www.youtube.com/watch?v=7ubloMC_1fk,Joey Suggs,"Food,Fitness,Health","food,fitness,health,fulldayofeating,r2r",157,27.0,66200,美国,Suspected,0.0751,6820,152,36,RITFIT,0.022287390029325515,0.005278592375366569,0.02756598240469208,103.02114803625378,23.02052785923754,43.439490445859875,Mid,2024-12,Equipment Review
2024-12-04,Seasonal Change | Yardwork | Consignment Shopping | Friendsgiving,https://www.youtube.com/watch?v=NoYAQz_xTUI,Mikee Rogers,"Food,VLOG,Fashion,Home","food,vlog,vlogger,lgbt,mukbang",139,27.0,18600,美国,Suspected,0.2037,3648,203,54,RITFIT,0.0556469298245614,0.014802631578947368,0.07044956140350878,196.1290322580645,38.103070175438596,26.244604316546763,Micro,2024-12,Lifestyle / Vlog
2024-11-30,"Workout w/ RitFit, unboxing & home gym $2500 setup🔥",https://www.youtube.com/watch?v=itA_Q1I2Z8I,StephanieFitMarie,"Fitness,Fashion,Health,Clothing","fitness,fashion,stephaniefitmarie,lingerie,how to",102,27.0,78900,美国,Suspected,0.1329,7646,516,50,RITFIT,0.06748626732932252,0.006539366989275438,0.07402563431859796,96.90747782002535,13.340308658121895,74.96078431372548,Mid,2024-11,Home Gym / Garage Gym
2024-11-28,Building the BEST with RitFit PLC01 Leg Extension Curl Machine,https://www.youtube.com/watch?v=NpC1hya4E3I,Jeff Does What!,"DIY,Pets,Unboxing,Fishing","diy,pets,aquarium,fish,texas fish room",166,27.0,31200,美国,Suspected,0.0576,8102,267,20,RITFIT,0.03295482596889657,0.0024685262898049864,0.03542335225870156,259.6794871794872,20.488768205381387,48.80722891566265,Micro,2024-11,DIY / Build
2024-11-28,"Life in my 40s, Watching Wicked, IKEA shopping",https://www.youtube.com/watch?v=SdtKR1CICg4,Mikee Rogers,"Food,VLOG,Fashion,Home","food,vlog,vlogger,lgbt,mukbang",139,27.0,18600,美国,Suspected,0.355,3132,202,91,RITFIT,0.06449553001277139,0.02905491698595147,0.09355044699872286,168.38709677419357,44.380587484035765,22.532374100719423,Micro,2024-11,Lifestyle / Vlog
2024-11-27,"EPIC NATTY DELTS Vlog || 160x10 Swiss Overhead Press, Epic Thick Rope Chins, Big Lu Raises",https://www.youtube.com/watch?v=ouDa4GtxPCY,Enkiri Elite Fitness,"Fitness,Health,Sports,Entertainment","fitness,bodybuilding,health,workout,enkirielitefitness",497,27.0,68100,美国,Suspected,0.2178,4027,237,64,RITFIT,0.058852743978147506,0.015892724112242365,0.07474546809038987,59.13362701908957,123.4169356841321,8.10261569416499,Mid,2024-11,Strength / Training
2024-11-26,How to use | RitFit BUFFALO Multifunctional Smith Machine with Lat Pull Down and Cable Crossover,https://www.youtube.com/watch?v=1Fb_Cwra7WU,RitFit.Sports,"Workout,Home,Health","fitness,home,workout,ritfit,homegym",100,27.0,4050,美国,Sponsored,0.0025,403,1,0,RITFIT,0.0024813895781637717,0.0,0.0024813895781637717,99.50617283950618,248.13895781637717,4.03,Nano,2024-11,Home Gym / Garage Gym
2024-11-26,5 Reasons Why I Love the DJI Osmo Pocket 3 for Vlogging,https://www.youtube.com/watch?v=RTzBNWO64Jc,Mikee Rogers,"Food,VLOG,Fashion,Home","food,vlog,vlogger,lgbt,mukbang",139,27.0,18600,美国,Suspected,0.384,3490,230,111,RITFIT,0.0659025787965616,0.03180515759312321,0.09770773638968482,187.63440860215053,39.82808022922636,25.107913669064747,Micro,2024-11,Lifestyle / Vlog
2024-11-23,Entrena Piernas y Glúteos Conmigo y Comidas Pre/Post,https://www.youtube.com/watch?v=VqaMLDa5QO4,Aitza Fitness,"Fitness,Health,Food,Smartphone","fitness,health,bajardepeso,food,como bajar de peso",140,27.0,286000,美国,Suspected,0.099,3304,147,18,RITFIT,0.04449152542372881,0.005447941888619854,0.04993946731234867,11.552447552447552,42.3728813559322,23.6,Macro,2024-11,Strength / Training
2024-11-23,This DANGEROUS Lift Will Turn You Into a BEHEMOTH (and Bulletproof Your Back Too),https://www.youtube.com/watch?v=VindHWk6Ipo,Enkiri Elite Fitness,"Fitness,Health,Sports,Entertainment","fitness,bodybuilding,health,workout,enkirielitefitness",497,27.0,68100,美国,Suspected,0.3257,5806,501,139,RITFIT,0.08629004478126076,0.0239407509472959,0.11023079572855667,85.25697503671071,85.60110230795728,11.682092555331993,Mid,2024-11,Strength / Training
2024-11-22,Live Q&A with RitFit and Bells of Steel | Up Way Too Early with Garage Gym Life,https://www.youtube.com/watch?v=1UUcrtjtA8Y,Garage Gym Life,"Workout,Health,Home,Sports","fitness,bodybuilding,garagegymlifemedia,garagegym,garagegymlife",142,27.0,58900,美国,Suspected,0.1487,2341,128,22,RITFIT,0.054677488252883384,0.009397693293464331,0.06407518154634771,39.745331069609506,60.657838530542506,16.485915492957748,Mid,2024-11,Home Gym / Garage Gym
2024-11-21,Vlogging like I have a million subscribers to get rid of imposter syndrome,https://www.youtube.com/watch?v=pxd0BifVQ0Q,Mikee Rogers,"Food,VLOG,Fashion,Home","food,vlog,vlogger,lgbt,mukbang",139,27.0,18600,美国,Suspected,0.2153,8712,436,144,RITFIT,0.050045913682277315,0.01652892561983471,0.06657483930211203,468.38709677419354,15.955004591368226,62.67625899280576,Micro,2024-11,Lifestyle / Vlog
2024-11-19,New arrivals| RitFit BUFFALO Multifunctional Smith Machine,https://www.youtube.com/watch?v=XEv_Gm5WL2Q,RitFit.Sports,"Workout,Home,Health","fitness,home,workout,ritfit,homegym",100,27.0,4050,美国,Sponsored,0.0292,3492,12,9,RITFIT,0.003436426116838488,0.002577319587628866,0.006013745704467354,862.2222222222222,28.636884306987398,34.92,Nano,2024-11,Home Gym / Garage Gym
2024-11-15,RitFit PLC01 Leg Extension & Curl Machine Review: Best Budget Option for Home Gyms?,https://www.youtube.com/watch?v=Sbu9yyLH8Tc,The Kurt Locker,"Fitness,Home,Health","homegym,garagegym,fitness,home,strongman",76,27.0,8810,美国,Suspected,0.1729,8323,219,122,RITFIT,0.026312627658296287,0.01465817613841163,0.040970803796707915,944.7219069239501,9.131322840321998,109.51315789473684,Nano,2024-11,Home Gym / Garage Gym
2024-11-15,QUAD AND GLUTE FOCUSED WORKOUT LEAVING MY LEGS SHAKING!!,https://www.youtube.com/watch?v=V4yMK7tr67k,Teriana Jacobs,"Fashion,Clothing,Fitness,Health","fashion,clothing,fitness,how to,viral",79,27.0,312000,美国,Suspected,0.1358,2232,183,12,RITFIT,0.08198924731182795,0.005376344086021506,0.08736559139784947,7.153846153846154,35.39426523297491,28.253164556962027,Macro,2024-11,Strength / Training
2024-11-14,RitFit BLP01 45 Degree 3-In-1 Leg Press Hack Squat and Calf Raise Machine,https://www.youtube.com/watch?v=jHPwexFNUEA,"911Studios - Shopping, Gadgets & Tech","Technology,Hobby","911reviews,elitedemonstrations,productreviews,amazoninfluencer,product",1288,27.0,997000,美国,Suspected,0.1263,48156,5073,101,RITFIT,0.10534512833291802,0.0020973502782623142,0.10744247861118034,48.30090270812437,26.746407508929313,37.38819875776397,Mega,2024-11,Equipment Review
2024-11-12,The Easiest Way to Start Vlogging,https://www.youtube.com/watch?v=hqbGdm2B8V4,Mikee Rogers,"Food,VLOG,Fashion,Home","food,vlog,vlogger,lgbt,mukbang",139,27.0,18600,美国,Suspected,0.1249,9809,265,96,RITFIT,0.027016005709042716,0.009786930370068305,0.03680293607911102,527.3655913978495,14.170659598328067,70.56834532374101,Micro,2024-11,Lifestyle / Vlog
2024-11-11,PRANKING SEAN FOR VETERANS DAY!!,https://www.youtube.com/watch?v=MB6ZP5eASXo,Sean and Sierra,"Fun,Pregnancy,Military,Couple","surprise,fun,pregnancy,marriage,love",364,27.0,448000,美国,Suspected,0.1738,6380,549,56,RITFIT,0.08605015673981191,0.00877742946708464,0.09482758620689655,14.241071428571429,57.05329153605015,17.52747252747253,Macro,2024-11,Other
2024-11-11,Mikolo M4 All-in-One Smith Machine Review,https://www.youtube.com/watch?v=Aqq6o2Bvqsc,Design. Build. Lift.,"Fitness,Health,DIY","fitness,health,diy,gym,diy fitness club",60,27.0,12900,美国,Suspected,0.0876,14479,198,107,RITFIT,0.01367497755369846,0.007390013122453208,0.021064990676151668,1122.4031007751937,4.143932592029836,241.31666666666666,Micro,2024-11,Equipment Review
2024-11-09,Why You Should Do BEHIND THE NECK Presses (CAPPED NATTY DELTS!),https://www.youtube.com/watch?v=3s17QjC4_qA,Enkiri Elite Fitness,"Fitness,Health,Sports,Entertainment","fitness,bodybuilding,health,workout,enkirielitefitness",497,27.0,68100,美国,Suspected,0.0131,294287,1479,238,RITFIT,0.005025706198370978,0.0008087343307723412,0.005834440529143319,4321.395007342144,1.6888275730834186,592.1267605633802,Mid,2024-11,Strength / Training
2024-11-08,RitFit A-Frame Dumbbell Storage Rack Stand 3/5/6 Pairs,https://www.youtube.com/watch?v=FmTHV4-QuUs,RitFit.Sports,"Workout,Home,Health","fitness,home,workout,ritfit,homegym",100,27.0,4050,美国,Suspected,0.0,30,0,0,RITFIT,0.0,0.0,0.0,7.407407407407407,3333.3333333333335,0.3,Nano,2024-11,Home Gym / Garage Gym
2024-11-07,"The ""How Much Ya Front Squat?"" Vlog || 405 Front Squat, 315x10 Deficit RDL, Power Snatch, & Sprints",https://www.youtube.com/watch?v=9gwRnGcpSsY,Enkiri Elite Fitness,"Fitness,Health,Sports,Entertainment","fitness,bodybuilding,health,workout,enkirielitefitness",497,27.0,68100,美国,Suspected,0.1776,3468,216,40,RITFIT,0.06228373702422145,0.011534025374855825,0.07381776239907728,50.92511013215859,143.31026528258363,6.977867203219316,Mid,2024-11,Strength / Training
2024-11-06,New Arrivals | RitFit Pink A-Frame Dumbbell Storage Rack Stand 5 Pairs,https://www.youtube.com/watch?v=D5WnvEU5UPk,RitFit.Sports,"Workout,Home,Health","fitness,home,workout,ritfit,homegym",100,27.0,4050,美国,Sponsored,0.0206,97,2,0,RITFIT,0.020618556701030927,0.0,0.020618556701030927,23.950617283950617,1030.9278350515463,0.97,Nano,2024-11,Home Gym / Garage Gym
2024-11-05,Day in My Life as a Small YouTuber in San Diego,https://www.youtube.com/watch?v=YrPx8u0bkBI,Mikee Rogers,"Food,VLOG,Fashion,Home","food,vlog,vlogger,lgbt,mukbang",139,27.0,18600,美国,Suspected,0.248,7246,327,147,RITFIT,0.04512834667402705,0.020287054926856198,0.06541540160088324,389.5698924731183,19.182997515870824,52.1294964028777,Micro,2024-11,Lifestyle / Vlog
2024-11-02,Why You Should Do DELOAD Push-ups (3 Key Benefits You've NEVER HEARD!),https://www.youtube.com/watch?v=c2l5OuBbzqo,Enkiri Elite Fitness,"Fitness,Health,Sports,Entertainment","fitness,bodybuilding,health,workout,enkirielitefitness",497,27.0,68100,美国,Suspected,0.0296,26927,277,52,RITFIT,0.010287072455156534,0.0019311471756972556,0.01221821963085379,395.40381791483117,18.457310506183383,54.17907444668008,Mid,2024-11,Strength / Training
2024-11-02,Fastest Home Gym Setup,https://www.youtube.com/shorts/rqatIAJ-SW4,Kali Muscle,"Vehicle,Food,Fitness,Health","cars,vehicle,food,dodge,hellcat",948,27.0,3930000,美国,Suspected,0.0818,4732,217,17,RITFIT,0.04585798816568047,0.003592561284868977,0.04945054945054945,1.2040712468193384,200.3381234150465,4.991561181434599,Mega,2024-11,Home Gym / Garage Gym
2024-11-02,Best 3 in 1 Lower Body Home Workout Machine,https://www.youtube.com/watch?v=Mjkcn7lvx4E,Janine Delaney,"Fashion,Health,Fitness","fashion,health,fashionnova,fitness,fitover50",5284,27.0,102000,美国,Suspected,0.0585,95457,4493,109,RITFIT,0.047068313481462856,0.0011418753993944917,0.048210188880857346,935.8529411764706,55.35476706789444,18.065291445874337,Macro,2024-11,Strength / Training
2024-10-30,Life in my 40s | New favorite vlog lens and giveaway,https://www.youtube.com/watch?v=eauYxwH-aJI,Mikee Rogers,"Food,VLOG,Fashion,Home","food,vlog,vlogger,lgbt,mukbang",139,27.0,18600,美国,Suspected,0.6069,3770,288,200,RITFIT,0.07639257294429708,0.05305039787798409,0.12944297082228118,202.68817204301075,36.87002652519894,27.12230215827338,Micro,2024-10,Lifestyle / Vlog
2024-10-30,RitFit Leg Extension Curl Machine Review: the Best Leg Extension Leg Curl Machine for Home Gyms?,https://www.youtube.com/watch?v=nZtYbG9_R7A,Luke’s Garage Gym,"Workout,Home,Travel,Health","fitness,budget,gym,gymequipment,titan",67,27.0,5580,美国,Suspected,0.2047,3967,142,67,RITFIT,0.035795311318376606,0.01688933703050164,0.052684648348878246,710.931899641577,16.88933703050164,59.208955223880594,Nano,2024-10,Home Gym / Garage Gym
2024-10-24,I'm Getting Big Again with New Workout Machines,https://www.youtube.com/watch?v=zoJJz4gXD_E,Kali Muscle,"Vehicle,Food,Fitness,Health","cars,vehicle,food,dodge,hellcat",948,27.0,3930000,美国,Suspected,0.0786,37998,1076,191,RITFIT,0.02831727985683457,0.005026580346334018,0.03334386020316859,9.668702290076336,24.948681509553133,40.08227848101266,Mega,2024-10,Strength / Training
2024-10-21,The BEST BUDGET All-in-one Power Rack! RitFit Sports M1 2.0 review.,https://www.youtube.com/watch?v=6BdaxOcfzSA,Maguire’s Gym,,,5,14.0,1950,其他,Suspected,0.0914,394,16,2,RITFIT,0.04060913705583756,0.005076142131979695,0.04568527918781726,202.05128205128207,12.690355329949238,78.8,Nano,2024-10,Equipment Review
2024-10-21,"RitFit Sports M1 2.0, arguably one of the BEST BUDGET ALL-IN-ONE POWERRACKS!! #garagegym #powerrack",https://www.youtube.com/shorts/Ec1vNt4gBO8,Maguire’s Gym,,,5,14.0,1950,其他,Suspected,0.0126,633,8,0,RITFIT,0.01263823064770932,0.0,0.01263823064770932,324.61538461538464,7.898894154818325,126.6,Nano,2024-10,Home Gym / Garage Gym
2024-10-20,@dtcordonnier My Fitness Journey with RITFIT M1 2.0,https://www.youtube.com/watch?v=BiBtkPT99_w,RitFit.Sports,"Workout,Home,Health","fitness,home,workout,ritfit,homegym",100,27.0,4050,美国,Sponsored,0.0052,2694,4,1,RITFIT,0.0014847809948032665,0.0003711952487008166,0.001855976243504083,665.1851851851852,37.11952487008166,26.94,Nano,2024-10,Home Gym / Garage Gym
2024-10-19,Getting a New Puppy Vlog | Realistic First Week,https://www.youtube.com/watch?v=t4nHzoJ68Do,Mikee Rogers,"Food,VLOG,Fashion,Home","food,vlog,vlogger,lgbt,mukbang",139,27.0,18600,美国,Suspected,0.3702,2666,167,82,RITFIT,0.06264066016504126,0.03075768942235559,0.09339834958739685,143.33333333333334,52.13803450862716,19.179856115107913,Micro,2024-10,Lifestyle / Vlog
2024-10-19,Why I STOPPED Wearing Knee Sleeves...and then STARTED Again! (My Knee Pain Story),https://www.youtube.com/watch?v=Rj90Y_kjJE0,Enkiri Elite Fitness,"Fitness,Health,Sports,Entertainment","fitness,bodybuilding,health,workout,enkirielitefitness",497,27.0,68100,美国,Suspected,0.0501,21200,263,80,RITFIT,0.01240566037735849,0.0037735849056603774,0.016179245283018867,311.3069016152716,23.443396226415093,42.65593561368209,Mid,2024-10,Strength / Training
2024-10-16,RITFIT SPORTS Power Rack Review || My Experience with the M1 Smith Machine 2.0 (ALL-IN-ONE Home Gym),https://www.youtube.com/watch?v=suk_Ipv-8lI,Enkiri Elite Fitness,"Fitness,Health,Sports,Entertainment","fitness,bodybuilding,health,workout,enkirielitefitness",497,27.0,68100,美国,Suspected,0.0254,17528,136,31,RITFIT,0.007759014148790507,0.001768598813327248,0.009527612962117755,257.38619676945666,28.354632587859424,35.267605633802816,Mid,2024-10,Home Gym / Garage Gym
2024-10-12,I Built My Dream Garage & Home Gym,https://www.youtube.com/watch?v=vM_Yddym2Ys,Will Hall,"Film,Consumer Electronic,Technology,Camera","editing,film,software,filmmaking,sony",392,27.0,18800,美国,Suspected,0.0219,489612,7618,312,RITFIT,0.015559259168484432,0.0006372392833508982,0.01619649845183533,26043.191489361703,0.8006339713895901,1249.0102040816328,Micro,2024-10,Home Gym / Garage Gym
2024-10-11,Affordable All in One Rack Upgrades with the Ritfit M1 2.0!  #homegymequipment  #homefitness,https://www.youtube.com/shorts/sZ3TQtK5cEM,Luke’s Garage Gym,"Workout,Home,Travel,Health","fitness,budget,gym,gymequipment,titan",67,27.0,5580,美国,Suspected,0.0129,1781,23,0,RITFIT,0.01291409320606401,0.0,0.01291409320606401,319.17562724014334,37.61931499157777,26.582089552238806,Nano,2024-10,Home Gym / Garage Gym
2024-10-08,Days in the life of an older content creator,https://www.youtube.com/watch?v=GXWAgiXXNwA,Mikee Rogers,"Food,VLOG,Fashion,Home","food,vlog,vlogger,lgbt,mukbang",139,27.0,18600,美国,Suspected,0.2283,4319,216,77,RITFIT,0.05001157675387821,0.017828200972447326,0.06783977772632553,232.20430107526883,32.18337578143088,31.071942446043167,Micro,2024-10,Lifestyle / Vlog
2024-10-05,I wanna get jacked while doing almost NOTHING! (Why Your Base is the Most Important Thing of All),https://www.youtube.com/watch?v=_iIvclAGKEo,Enkiri Elite Fitness,"Fitness,Health,Sports,Entertainment","fitness,bodybuilding,health,workout,enkirielitefitness",497,27.0,68100,美国,Suspected,0.0936,24409,885,140,RITFIT,0.03625711827604572,0.005735589331803843,0.041992707607849566,358.4287812041116,20.361342127903644,49.11267605633803,Mid,2024-10,Strength / Training
2024-09-30,RitFit M1 2 0 Review! *10+ changes and upgrades*,https://www.youtube.com/watch?v=Yb-S7h-7qEM,Joey Suggs,"Food,Fitness,Health","food,fitness,health,fulldayofeating,r2r",157,27.0,66200,美国,Suspected,0.0468,12916,245,36,RITFIT,0.01896872096624342,0.002787240631774543,0.021755961598017962,195.10574018126889,12.155466088572313,82.26751592356688,Mid,2024-09,Equipment Review
2024-09-25,Major Fitness Spirit B52 REVIEW || My Experience with an All-in-One Home Gym SMITH MACHINE!,https://www.youtube.com/watch?v=S1eNR0RKDLg,Enkiri Elite Fitness,"Fitness,Health,Sports,Entertainment","fitness,bodybuilding,health,workout,enkirielitefitness",497,27.0,68100,美国,Suspected,0.0964,3994,115,27,RITFIT,0.028793189784677015,0.006760140210315473,0.035553329994992486,58.649045521292216,124.43665498247371,8.036217303822937,Mid,2024-09,Home Gym / Garage Gym
2024-09-25,"A Chatty Vlog | life update, PR unboxings, new vlog camera, new iPhone 16 pro max",https://www.youtube.com/watch?v=eGAQoVcey3U,Mikee Rogers,"Food,VLOG,Fashion,Home","food,vlog,vlogger,lgbt,mukbang",139,27.0,18600,美国,Suspected,0.1643,8587,331,108,RITFIT,0.03854664027017585,0.01257715150809363,0.05112379177826948,461.6666666666667,16.187259811342727,61.776978417266186,Micro,2024-09,Lifestyle / Vlog
2024-09-24,New Arrivals | RitFit PLC01 Leg Extension and Curl Machine,https://www.youtube.com/watch?v=YTFO3MUn5R4,RitFit.Sports,"Workout,Home,Health","fitness,home,workout,ritfit,homegym",100,27.0,4050,美国,Sponsored,0.0689,1872,19,11,RITFIT,0.01014957264957265,0.005876068376068376,0.016025641025641024,462.22222222222223,53.418803418803414,18.72,Nano,2024-09,Home Gym / Garage Gym
2024-09-20,3 NATTY APPROVED Exercises To Blow Up Your Front Squat (Stronger Than LU XIAOJUN!),https://www.youtube.com/watch?v=tczf0QGHSFA,Enkiri Elite Fitness,"Fitness,Health,Sports,Entertainment","fitness,bodybuilding,health,workout,enkirielitefitness",497,27.0,68100,美国,Suspected,0.065,17519,328,81,RITFIT,0.018722529824761688,0.004623551572578343,0.02334608139734003,257.2540381791483,28.36919915520292,35.24949698189135,Mid,2024-09,Strength / Training
2024-09-18,Toughfit - Barbell Review and Details,https://www.youtube.com/watch?v=DyG7IKdXGg4,GearChase (GearChase.com),"Vehicle,Consumer Electronic,Hobby","review,vehicle,bicycle,gearchase.com,gearchase",90,27.0,7340,美国,Suspected,0.0141,71,1,0,RITFIT,0.014084507042253521,0.0,0.014084507042253521,9.673024523160764,1267.605633802817,0.7888888888888889,Nano,2024-09,Equipment Review
2024-09-16,Toughfit - Review and Details of the Large Plyo Box,https://www.youtube.com/watch?v=XnXbcH7JSMg,GearChase (GearChase.com),"Vehicle,Consumer Electronic,Hobby","review,vehicle,bicycle,gearchase.com,gearchase",90,27.0,7340,美国,Suspected,0.0273,110,3,0,RITFIT,0.02727272727272727,0.0,0.02727272727272727,14.986376021798364,818.1818181818182,1.2222222222222223,Nano,2024-09,Equipment Review
2024-09-16,Toughfit - Could be the best home gym dumb bell,https://www.youtube.com/watch?v=yS0bxL7lZ5w,GearChase (GearChase.com),"Vehicle,Consumer Electronic,Hobby","review,vehicle,bicycle,gearchase.com,gearchase",90,27.0,7340,美国,Suspected,0.037,81,3,0,RITFIT,0.037037037037037035,0.0,0.037037037037037035,11.035422343324251,1111.111111111111,0.9,Nano,2024-09,Home Gym / Garage Gym
2024-09-16,Toughfit - Wall Ball Functional Training Weighted Balls Review,https://www.youtube.com/watch?v=F0pPihyLzgs,GearChase (GearChase.com),"Vehicle,Consumer Electronic,Hobby","review,vehicle,bicycle,gearchase.com,gearchase",90,27.0,7340,美国,Suspected,0.0313,32,1,0,RITFIT,0.03125,0.0,0.03125,4.359673024523161,2812.5,0.35555555555555557,Nano,2024-09,Equipment Review
2024-09-14,@ritfit.sports M1 Version 2.0 Out Now! Huge upgrades! #homegym #garagegym #ritfit,https://www.youtube.com/shorts/RjV4mUJP7Bk,Design. Build. Lift.,"Fitness,Health,DIY","fitness,health,diy,gym,diy fitness club",60,27.0,12900,美国,Suspected,0.0328,11631,262,12,RITFIT,0.022526008081850228,0.0010317255610007739,0.023557733642851002,901.6279069767443,5.158627805003869,193.85,Micro,2024-09,Home Gym / Garage Gym
2024-09-12,RitFit Leg Press Hack Squat Machine Review Professional Adjustable Leg Press Machine for Home Gym,https://www.youtube.com/shorts/UnWfYCH8a7I,Valentine Lewis,"Beauty,Fashion,Consumer Electronic,Jewelry","beauty,fashion,ad,consumer electronic,jewelry",1885,27.0,271000,美国,Suspected,0.0793,25671,1626,41,RITFIT,0.06333995559191305,0.0015971329515796035,0.06493708854349266,94.72693726937268,73.4291613104281,13.618567639257295,Macro,2024-09,Home Gym / Garage Gym
2024-09-12,RitFit 2-In-1 Leg Press And Hack Squat Machine: The Key to Stronger Legs,https://www.youtube.com/watch?v=7oCxyZ7EuZM,RitFit.Sports,"Workout,Home,Health","fitness,home,workout,ritfit,homegym",100,27.0,4050,美国,Sponsored,0.0001,42377,5,0,RITFIT,0.00011798853151473677,0.0,0.00011798853151473677,10463.456790123457,2.359770630294735,423.77,Nano,2024-09,Home Gym / Garage Gym
2024-09-12,The Charm of Leg Press Workouts #ritfitsports #sports#homegym,https://www.youtube.com/shorts/0_AitBiqeH4,RitFit.Sports,"Workout,Home,Health","fitness,home,workout,ritfit,homegym",100,27.0,4050,美国,Sponsored,0.0115,1392,16,0,RITFIT,0.011494252873563218,0.0,0.011494252873563218,343.7037037037037,71.83908045977012,13.92,Nano,2024-09,Home Gym / Garage Gym
2024-09-12,RitFit 2-In-1 Leg Press And Hack Squat Machine: The Key to Stronger Legs,https://www.youtube.com/watch?v=Y_VYVeXB3Io,RitFit.Sports,"Workout,Home,Health","fitness,home,workout,ritfit,homegym",100,27.0,4050,美国,Sponsored,0.001,4005,4,0,RITFIT,0.0009987515605493133,0.0,0.0009987515605493133,988.8888888888889,24.96878901373283,40.05,Nano,2024-09,Home Gym / Garage Gym
2024-09-12,Professional fitness starts with choosing the Ritfit PPC02 Power Cage #homegymequipment,https://www.youtube.com/shorts/TGHIoV9m2YY,RitFit.Sports,"Workout,Home,Health","fitness,home,workout,ritfit,homegym",100,27.0,4050,美国,Suspected,0.0112,16718,188,0,RITFIT,0.011245364278023686,0.0,0.011245364278023686,4127.901234567901,5.981576743629621,167.18,Nano,2024-09,Home Gym / Garage Gym
2024-09-12,RitFit P6 All-In-One Pink Home Gym Package,https://www.youtube.com/watch?v=CoNDrrQmT_s,RitFit.Sports,"Workout,Home,Health","fitness,home,workout,ritfit,homegym",100,27.0,4050,美国,Suspected,0.0,121,0,0,RITFIT,0.0,0.0,0.0,29.87654320987654,826.4462809917355,1.21,Nano,2024-09,Home Gym / Garage Gym
2024-09-12,"RitFit PPC03 Power Cage Home Gym Package, Make Workout Easy and Fun",https://www.youtube.com/watch?v=C1utm7-nMbo,RitFit.Sports,"Workout,Home,Health","fitness,home,workout,ritfit,homegym",100,27.0,4050,美国,Sponsored,0.0005,41435,20,0,RITFIT,0.0004826837214914927,0.0,0.0004826837214914927,10230.864197530866,2.4134186074574635,414.35,Nano,2024-09,Home Gym / Garage Gym
2024-09-12,RitFit Leg Press Hack Squat Machine Review Professional Adjustable Leg Press Machine for Home Gym,https://www.youtube.com/watch?v=5t-2C-ZtU_A,Valentine Lewis,"Beauty,Fashion,Consumer Electronic,Jewelry","beauty,fashion,ad,consumer electronic,jewelry",1885,27.0,271000,美国,Suspected,0.0567,34716,1188,78,RITFIT,0.034220532319391636,0.002246802627030764,0.036467334946422396,128.10332103321034,54.297730153243464,18.416976127320954,Macro,2024-09,Home Gym / Garage Gym
2024-09-09,Why These All-in-One Trainers Are So Popular w/ RITFIT M1 2.0 Machine Package Review,https://www.youtube.com/watch?v=DnutzpjqGAc,Hybrid Resistance,"Health,Fitness","health,fitness,total gym,sliding bench trainer,gr8flex",171,27.0,60600,美国,Suspected,0.133,4219,141,42,RITFIT,0.033420241763451056,0.009954965631666271,0.04337520739511733,69.62046204620462,40.530931500355535,24.672514619883042,Mid,2024-09,Equipment Review
2024-09-09,😡 I Got The Wrong RitFit M1 Smith Machine!,https://www.youtube.com/watch?v=5ILX6XjJ5bs,Usawa Fitness Garage Gym Reviews,"Fitness,Health","fitness,health,gym,home gym,home workout",92,27.0,10200,美国,Suspected,0.1767,1930,71,27,RITFIT,0.03678756476683938,0.013989637305699482,0.05077720207253886,189.2156862745098,47.66839378238342,20.97826086956522,Micro,2024-09,Home Gym / Garage Gym
2024-09-09,Is Getting In Shape In Your 40s Even Possible?,https://www.youtube.com/watch?v=KXsrPenBoLs,Mikee Rogers,"Food,VLOG,Fashion,Home","food,vlog,vlogger,lgbt,mukbang",139,27.0,18600,美国,Suspected,0.2766,2448,177,50,RITFIT,0.07230392156862746,0.02042483660130719,0.09272875816993464,131.61290322580646,56.78104575163399,17.611510791366907,Micro,2024-09,Lifestyle / Vlog
2024-09-07,Rowing My Way to PEAK Hybrid Athlete || JOYSONG Home Gym Cube Rower Review!,https://www.youtube.com/watch?v=vjIpnWTL6ZY,Enkiri Elite Fitness,"Fitness,Health,Sports,Entertainment","fitness,bodybuilding,health,workout,enkirielitefitness",497,27.0,68100,美国,Suspected,0.1095,3534,87,30,RITFIT,0.02461799660441426,0.008488964346349746,0.03310696095076401,51.89427312775331,140.63384267119412,7.110663983903421,Mid,2024-09,Home Gym / Garage Gym
2024-09-04,This Hack Squat Attachment Will TRANSFORM Your Home Gym (RitFit AT02 Hack Squat Attachment REVIEW!),https://www.youtube.com/watch?v=NQsNleT4q08,Enkiri Elite Fitness,"Fitness,Health,Sports,Entertainment","fitness,bodybuilding,health,workout,enkirielitefitness",497,27.0,68100,美国,Suspected,0.1334,5699,170,59,RITFIT,0.029829794700824707,0.010352693454992104,0.04018248815581681,83.68575624082231,87.20828215476399,11.466800804828974,Mid,2024-09,Home Gym / Garage Gym
2024-08-31,RitFit M1 Smith Machine: Worth the Hype? Let's Find Out!,https://www.youtube.com/watch?v=WnsG2t8smZI,Usawa Fitness Garage Gym Reviews,"Fitness,Health","fitness,health,gym,home gym,home workout",92,27.0,10200,美国,Suspected,0.2882,1433,43,37,RITFIT,0.030006978367062107,0.025819958129797628,0.055826936496859735,140.49019607843138,64.2009769713887,15.576086956521738,Micro,2024-08,Home Gym / Garage Gym
2024-08-31,3 Anti-Science Exercises Guaranteed to Blow Up Your Deadlift (#3 Will Shock You!),https://www.youtube.com/watch?v=4Y9Hp6x8NY0,Enkiri Elite Fitness,"Fitness,Health,Sports,Entertainment","fitness,bodybuilding,health,workout,enkirielitefitness",497,27.0,68100,美国,Suspected,0.0221,89396,629,135,RITFIT,0.007036108998165466,0.0015101346816412367,0.008546243679806702,1312.7165932452276,5.559532865005146,179.8712273641851,Mid,2024-08,Strength / Training
2024-08-20,The Truth About #RitFit Leg & Hack Squat Machine,https://www.youtube.com/watch?v=br1Wznsg9kE,Aviator’s Garage,,,64,27.0,3730,美国,Suspected,0.1822,428,8,7,RITFIT,0.018691588785046728,0.016355140186915886,0.035046728971962614,114.74530831099196,149.53271028037383,6.6875,Nano,2024-08,Other
2024-08-20,BUILDING MY PREGNANT WIFE A HOME GYM! | RITFIT,https://www.youtube.com/watch?v=1S7nrAhk9lk,Life with the Shorts,"Entertainment,Couple,Funny,Pregnancy","entertainment,roadto1million,dandnae,onluv,couple",901,27.0,915000,美国,Suspected,0.1522,14130,1180,97,RITFIT,0.0835102618542109,0.00686482661004954,0.09037508846426044,15.442622950819672,63.7650389242746,15.682574916759156,Mega,2024-08,Home Gym / Garage Gym
2024-08-14,Rep Ares 2.0 vs Rogue FM-HR Power Rack | 🚩 Home Gym Week in Review,https://www.youtube.com/shorts/Zw5Uy29edwo,NoFate247,"Fitness,Home,Health,Food","nofate247,5f3b28f9517b0,a_aid,fitness,homegym",107,27.0,26100,美国,Suspected,0.0179,1008,18,0,RITFIT,0.017857142857142856,0.0,0.017857142857142856,38.62068965517241,106.15079365079364,9.42056074766355,Micro,2024-08,Home Gym / Garage Gym
2024-08-10,RitFit Leg Press Hack Squat Combo Review,https://www.youtube.com/watch?v=cUjohY8S6XM,ACHV PEAK,"Fitness,Home,Health,Entertainment","fitness,dumbbellworkout,home workout,athomeworkout,home",103,27.0,287000,美国,Suspected,0.0326,12417,255,15,RITFIT,0.020536361439961345,0.0012080212611741967,0.02174438270113554,43.26480836236934,8.295079326729484,120.55339805825243,Macro,2024-08,Equipment Review
2024-08-10,athlete girl talk | body image + competing with periods,https://www.youtube.com/watch?v=QwWobKbPcVs,Cathy Ding,"Sports,Fashion,VLOG,Hobby","figureskating,skating,sports,fashion,vlog",256,27.0,22600,美国,Suspected,0.2315,648,40,11,RITFIT,0.06172839506172839,0.016975308641975308,0.0787037037037037,28.672566371681416,395.0617283950617,2.53125,Micro,2024-08,Lifestyle / Vlog
2024-08-08,M1 2.0 Smith Machine Assembly Instruction,https://www.youtube.com/watch?v=KCq9xceh0eA,RitFit.Sports,"Workout,Home,Health","fitness,home,workout,ritfit,homegym",100,27.0,4050,美国,Suspected,0.0162,2342,18,2,RITFIT,0.007685738684884714,0.0008539709649871904,0.008539709649871904,578.2716049382716,42.69854824935952,23.42,Nano,2024-08,Home Gym / Garage Gym
2024-08-07,Upgrade M1 2.0 Multi-functional Smith Machine |Your Fitness Evolution,https://www.youtube.com/watch?v=T63_7YiGvrk,RitFit.Sports,"Workout,Home,Health","fitness,home,workout,ritfit,homegym",100,27.0,4050,美国,Suspected,0.025,2364,19,4,RITFIT,0.008037225042301184,0.001692047377326565,0.00972927241962775,583.7037037037037,42.30118443316413,23.64,Nano,2024-08,Home Gym / Garage Gym
2024-08-06,How to use| RitFit Colorful Training Barbell Weight Lifting Bar,https://www.youtube.com/watch?v=jRxTAh2C4F0,RitFit.Sports,"Workout,Home,Health","fitness,home,workout,ritfit,homegym",100,27.0,4050,美国,Suspected,0.009,223,2,0,RITFIT,0.008968609865470852,0.0,0.008968609865470852,55.06172839506173,448.4304932735426,2.23,Nano,2024-08,Home Gym / Garage Gym
2024-08-05,Is This $700 Leg Press Hack Squat Any Good? RitFit 2-In-1 Leg Machine Review,https://www.youtube.com/watch?v=82ul0Ee9Lnk,Matt Pendergraph,"Fitness,Home,Health,DIY","garagegym,garagegymreviews,fitness,gym,exercise",102,27.0,8000,美国,Suspected,0.0996,6304,198,43,RITFIT,0.03140862944162436,0.006821065989847715,0.03822969543147208,788.0,16.18020304568528,61.80392156862745,Nano,2024-08,Home Gym / Garage Gym
2024-08-03,How Chasing Maximal Progress Can HINDER Your Gains (SERIOUSLY!),https://www.youtube.com/watch?v=scmGwBfcCSk,Enkiri Elite Fitness,"Fitness,Health,Sports,Entertainment","fitness,bodybuilding,health,workout,enkirielitefitness",497,27.0,68100,美国,Suspected,0.1492,5052,274,48,RITFIT,0.05423594615993666,0.009501187648456057,0.06373713380839272,74.18502202643172,98.37688044338876,10.164989939637827,Mid,2024-08,Strength / Training
2024-08-01,Did it survive the Ladder drop?!   @ritfit.sports #shorts  #homegym,https://www.youtube.com/shorts/wPmDnWoWYrE,NoFate247,"Fitness,Home,Health,Food","nofate247,5f3b28f9517b0,a_aid,fitness,homegym",107,27.0,26100,美国,Suspected,0.1212,586,21,5,RITFIT,0.03583617747440273,0.008532423208191127,0.04436860068259386,22.452107279693486,182.5938566552901,5.4766355140186915,Micro,2024-08,Home Gym / Garage Gym
2024-07-30,DREAM HOME GYM MAKEOVER! transforming our garage into a functional home gym!,https://www.youtube.com/watch?v=CmjQB5iHi84,kenzie mac,"Life Style,Home,DIY,Fashion","kenziemac,hobby,home,life style,prettyandpractical",1334,14.0,53900,其他,Suspected,0.1535,6190,410,54,RITFIT,0.06623586429725363,0.008723747980613893,0.07495961227786753,114.84230055658627,215.50888529886913,4.640179910044978,Mid,2024-07,Home Gym / Garage Gym
2024-07-28,Start your home fitness journey right now!,https://www.youtube.com/shorts/kbFD25_n-SY,RitFit.Sports,"Workout,Home,Health","fitness,home,workout,ritfit,homegym",100,27.0,4050,美国,Suspected,0.0,53,0,0,RITFIT,0.0,0.0,0.0,13.08641975308642,1886.7924528301887,0.53,Nano,2024-07,Home Gym / Garage Gym
2024-07-27,Home Gym Extreme Makeover: Home Gym DIY Remodel & Gym Tour,https://www.youtube.com/watch?v=c8Ko6VuALAA,Design. Build. Lift.,"Fitness,Health,DIY","fitness,health,diy,gym,diy fitness club",60,27.0,12900,美国,Suspected,0.0955,8407,223,58,RITFIT,0.026525514452242178,0.006899012727488997,0.03342452717973118,651.7054263565891,7.136909718092066,140.11666666666667,Micro,2024-07,Home Gym / Garage Gym
2024-07-22,How to better use| RitFit PVC-Coated Round Head Dumbbells Set With Rack,https://www.youtube.com/watch?v=ZOD3Da69NX0,RitFit.Sports,"Workout,Home,Health","fitness,home,workout,ritfit,homegym",100,27.0,4050,美国,Suspected,0.0,84,0,0,RITFIT,0.0,0.0,0.0,20.74074074074074,1190.4761904761904,0.84,Nano,2024-07,Home Gym / Garage Gym
2024-07-21,Dream DIY GARAGE GYM Makeover with RITFIT,https://www.youtube.com/watch?v=qeb6lR68kGw,Why Knot Build It,,,146,27.0,844,美国,Suspected,0.1127,3968,97,35,RITFIT,0.02444556451612903,0.008820564516129033,0.03326612903225806,4701.421800947867,36.79435483870968,27.17808219178082,Nano,2024-07,Home Gym / Garage Gym
2024-07-20,Maximize Your Home Gym Workout with RITFIT M1 SMITH MACHINE,https://www.youtube.com/watch?v=l4369k2mzIQ,Clark Bartram,"Health,Fitness,Food","health,fitness,clark bartram fitness,clark bartram,clark bartram workout",99,27.0,17500,美国,Suspected,0.0538,2250,31,9,RITFIT,0.013777777777777778,0.004,0.017777777777777778,128.57142857142856,44.0,22.727272727272727,Micro,2024-07,Home Gym / Garage Gym
